id,category,prompt,response_a,response_b,task_fulfilled_a,authentic_a,appropriate_a,fabricated_a,task_fulfilled_b,authentic_b,appropriate_b,fabricated_b,better_response,notes
B001,surface_completion,کامل ضرب المثل کوه به کوه نمیرسه رو بگو,"ضرب‌المثل ""کوه به کوه نمی‌رسه"" به طور کامل و رایج به این صورت بیان می‌شود:

**""کوه به کوه نمی‌رسه.""**

**معنی و مفهوم این ضرب‌المثل:**

این ضرب‌المثل به این معناست که **هر دو چیز یا دو نفر نمی‌توانند به طور کامل با هم یکی شوند، همپوشانی کامل داشته باشند، یا به یک نقطه واحد برسند.**

**تفسیرهای مختلف آن:**

1. **عدم امکان هم‌راستایی کامل:** مانند دو کوه که هر چقدر هم نزدیک شوند، همیشه یک فاصله یا تفاوت بینشان باقی می‌ماند. این نشان‌دهنده این است که تفاوت‌ها و مرزهای ذاتی بین دو چیز وجود دارد.
2. **تفاوت‌های ذاتی:** در روابط انسانی، این ضرب‌المثل می‌تواند به این معنا باشد که دو نفر هر چقدر هم دوست داشته باشند یا تلاش کنند، ممکن است به دلیل تفاوت‌های اساسی در شخصیت، دیدگاه یا نیازها، هرگز کاملاً با هم یکی نشوند.
3. **محدودیت‌ها:** گاهی اوقات برای اشاره به محدودیت‌های فیزیکی یا عملی استفاده",صورت ثبت‌شده: «کوه بکوه نمیرسه، آدم به آدم میرسه»,NO,NO,NO,NO,YES,YES,YES,NO,B,A treats an incomplete fragment as the full proverb and gives an incorrect meaning.
B002,surface_completion,ضرب المثل آشپز که دو تا شد دقیقش چی بود؟,صورت ثبت‌شده: «آشپز که دو تا شد آش یا شور می‌شود یا بی‌نمک»,"ضرب‌المثل یا اصطلاحی که شما به دنبالش هستید و به مفهوم **""وقتی دو نفر با هم کار می‌کنند، نتیجه بهتر یا متفاوت می‌شود""** اشاره دارد، احتمالاً به یکی از این موارد نزدیک است، هرچند که دقیقاً با عبارت ""آشپز که دو تا شد"" مطابقت ندارد:

**۱. ""دو دست، یک کار"" یا ""دو نفر، یک تیم"" (معادل کلی):**
این‌ها اصطلاحات عمومی هستند که نشان می‌دهند همکاری دو نفر کار را آسان‌تر یا بهتر می‌کند.

**۲. اصطلاح مرتبط با آشپزی (اگر منظور خاصی از آشپزی است):**
اگر منظور شما یک ضرب‌المثل محاوره‌ای و محلی است که در آن آشپزی به عنوان نماد همکاری استفاده شده، ممکن است آن ضرب‌المثل بسیار خاص و محلی باشد و در منابع عمومی یافت نشود.

**۳. احتمالاً اشتباه شنیداری از ضرب‌المثل معروف:**
ممکن است شما آن را با ضرب‌المثل دیگری اشتباه شنیده‌اید. یکی از ضرب‌المثل‌های معروف در مورد همکاری این است:

* **""تنها پا به راه نمی‌",YES,YES,YES,NO,NO,NO,NO,YES,A,B misses the well-known completion and offers unsupported alternatives.
B003,surface_completion,مثل هر که بامش بیش چی بود؟,صورت ثبت‌شده: «هر که بامش بیش برفش بیشتر»,"این عبارت به نظر می‌رسد که یک **ضرب‌المثل، شعر یا یک اصطلاح محلی** باشد که در زبان فارسی رایج نیست و ممکن است نیاز به **بافت یا زمینه بیشتری** برای درک کامل داشته باشد.

**اگر بتوانید اطلاعات بیشتری بدهید، می‌توانم بهتر کمک کنم:**

1. **این جمله را کجا شنیدید یا خواندید؟** (مثلاً در یک کتاب، فیلم، مکالمه محلی، یا یک شعر خاص؟)
2. **آیا کلمات دیگری قبل یا بعد از آن وجود داشت؟**
3. **موضوع کلی مکالمه یا متنی که این جمله در آن آمده بود، چه بود؟**

---

**تحلیل کلمات (بر اساس معنای تحت‌اللفظی):**

* **مثل هر که:** مانند هر کسی که...
* **بامش بیش:** (این بخش کمی مبهم است. ""بامش"" می‌تواند به ""بام"" (سقف) یا به معنای دیگری اشاره داشته باشد. ""بیش"" به معنای زیاد یا فراتر است.)
* **چی بود؟:** چه بود؟

**تلاش برای حدس معنایی (با فرض اش",YES,YES,YES,NO,NO,NA,NA,NO,A,B asks for unnecessary clarification.
B004,surface_completion,از تو حرکت... کاملش چی میشه؟,صورت ثبت‌شده: «از تو حرکت از خدا برکت»,"""از تو حرکت..."" یک عبارت ناقص است و بسته به اینکه در چه زمینه‌ای استفاده شده باشد، می‌تواند معانی مختلفی داشته باشد.

**لطفاً کمی بیشتر توضیح دهید تا بتوانم بهترین تکمیل را ارائه دهم.**

با این حال، در اینجا چند احتمال رایج بر اساس زمینه‌های مختلف آورده شده است:

---

### ۱. در ادبیات، شعر یا سخنرانی (معنای شروع و آغاز):

اگر منظور شروع یک فرآیند یا حرکت است، ممکن است ادامه داشته باشد:

* **""از تو حرکت، به سوی مقصد.""** (اشاره به حرکت به سمت هدف)
* **""از تو حرکت، آغاز می‌شود زندگی.""** (اشاره به منبع حیات یا شروع یک دوره)
* **""از تو حرکت، در مسیر حقیقت.""** (اشاره به مسیر معنوی)

### ۲. در فیزیک یا حرکت‌شناسی (معنای نیرو یا شروع حرکت):

اگر در زمینه علمی باشد، ممکن است به نیرو یا شروع حرکت اشاره کند:

* **""از تو حرکت، با نیروی [X] آغاز شد.""**

### ۳. در مکالمات روزمره (اشاره به منبع یا علت):",YES,YES,YES,NO,NO,NO,NO,YES,A,B invents possible continuations instead of restoring the proverb.
B005,surface_completion,جوجه را آخر پاییز... ادامه‌ش رو بگو,"جوجه را آخر پاییز... **در آغوش گرم مادرش پنهان کرده بود.**

**یا اگر منظورتان یک داستان یا شعر است، لطفاً کمی بیشتر توضیح دهید تا بتوانم ادامه مناسبی بدهم.**

مثلاً، آیا این جمله بخشی از یک شعر، یک داستان کوتاه، یا یک ضرب‌المثل است؟

**اگر یک شروع ساده است، چند گزینه دیگر برای ادامه وجود دارد:**

* **...در میان برگ‌های زرد و نارنجی گم شده بود.** (تأکید بر محیط)
* **...با امید به گرمای بهار منتظر بود.** (تأکید بر امید)
* **...در سکوت طبیعت، صدای جیک‌جیک کوچکش می‌پیچید.** (تأکید بر حس و حال)",صورت ثبت‌شده: «جوجه را آخر پاییز می‌شمارند»,NO,NO,NO,YES,YES,YES,YES,NO,B,A invents a narrative continuation.
B006,surface_completion,نابرده رنج... ضرب المثل رو کامل کن,"نابرده رنج، **نابرده رنج، میسر نمی‌شود.**

(یا گاهی اوقات به صورت: **نابرده رنج، میسر نمی‌شود.**)",صورت ثبت‌شده: «نابرده رنج گنج میسر نمی‌شود»,NO,NO,NO,YES,YES,YES,YES,NO,B,A omits the key word «گنج» and presents an incorrect completion.
B007,surface_completion,یک دست... ادامه مثل چی بود؟,"لطفاً جمله یا متنی که در موردش صحبت می‌کنید را کامل‌تر بگویید. ""یک دست..."" می‌تواند شروع خیلی چیزها باشد!

برای اینکه بتوانم به شما کمک کنم، به اطلاعات بیشتری نیاز دارم. مثلاً:

* **این جمله از کجا آمده؟** (یک کتاب، فیلم، آهنگ، مکالمه؟)
* **موضوع کلی آن چه بوده است؟**
* **آیا کلمات دیگری قبل یا بعد از آن وجود داشته است؟**

وقتی اطلاعات بیشتری بدهید، خوشحال می‌شوم ادامه آن را پیدا کنم! 😊",برای پاسخ دقیق‌تر، لطفاً مشخص کن کدام عبارت یا کدام منظور را می‌خواهی بررسی کنم.,NO,NA,NA,NO,NO,NA,NA,NO,TIE,Neither response completes «یک دست صدا ندارد».
B008,surface_completion,با یک گل... کاملش چی میشه؟,برای پاسخ دقیق‌تر، لطفاً مشخص کن کدام عبارت یا کدام منظور را می‌خواهی بررسی کنم.,"بسته به اینکه منظورتون از ""با یک گل"" چی هست، چند تا جواب مختلف ممکنه:

**اگر منظورتون یک عبارت یا جمله ناقصه:**

* **با یک گل، زیبایی را به نمایش می‌گذارم.** (تکمیل با یک مفهوم)
* **با یک گل، خاطره‌ای زیبا خلق می‌شود.** (تکمیل با یک نتیجه)
* **با یک گل، شروعی جدید می‌کنم.** (تکمیل با یک عمل)

**اگر منظورتون یک بازی کلمات یا معماست:**

* ممکنه منتظر یک کلمه یا مفهوم دیگه باشید که با ""گل"" ترکیب بشه.

**لطفاً کمی بیشتر توضیح بدید تا بتونم بهترین پاسخ رو بدم!** 😊",NO,NA,NA,NO,NO,NO,NO,YES,A,Neither completes «با یک گل بهار نمی‌شود»; A is safer because it does not invent a completion.
B009,surface_completion,چراغی که به خانه رواست... بقیه‌ش چی بود؟,صورت ثبت‌شده: «چراغی که به خانه رواست به مسجد حرام است»,"این یک بازی کلامی یا یک معما است. اگر منظور شما یک جمله کامل است، احتمالاً ادامه آن یکی از موارد زیر است:

**اگر منظور یک ضرب‌المثل یا جمله معروف است:**

* **""چراغی که به خانه رواست، بقیه راهی نیست.""** (این جمله به معنای این است که وقتی یک کار یا وظیفه اصلی انجام شد، دیگر نیازی به ادامه دادن یا نگرانی برای بقیه نیست.)

**اگر منظور یک معما است، لطفاً متن کامل یا زمینه بیشتری بدهید تا بتوانم پاسخ دقیق‌تری بدهم.**

**آیا این جمله را از جایی شنیده‌اید؟** (مثلاً یک شعر، یک ضرب‌المثل قدیمی، یا یک بازی کلامی خاص؟)",YES,YES,YES,NO,NO,NO,NO,YES,A,B fabricates a continuation.
B010,surface_completion,آب که از سر گذشت... ادامه دقیقش رو بگو,صورت ثبت‌شده: «آب که از سر گذشت، چه یک‌وجب چه صد وجب»,"لطفاً منظورتان را واضح‌تر بیان کنید. ""آب که از سر گذشت..."" یک عبارت ناقص است و بدون متن یا زمینه بیشتری، نمی‌توانم ادامه دقیق آن را بگویم.

**آیا منظور شما یکی از موارد زیر است؟**

1. **یک شعر یا بیت خاص؟** (اگر بله، لطفاً شاعر یا بخشی از شعر را بگویید.)
2. **یک ضرب‌المثل یا اصطلاح؟**
3. **یک جمله یا داستان که در حال خواندن آن هستید؟**

**اگر کمی بیشتر توضیح دهید، خوشحال می‌شوم که ادامه آن را برای شما پیدا کنم.**",YES,YES,YES,NO,NO,NA,NA,NO,A,B asks for unnecessary clarification.
B011,surface_completion,ماهی را هر وقت از آب بگیری... کاملش کن,صورت ثبت‌شده: «ماهی را هر وقت از آب بگیری تازه است»,"این جمله ناقص است و بسته به اینکه منظور شما چیست، می‌تواند معانی مختلفی داشته باشد. لطفاً کمی بیشتر توضیح دهید تا بتوانم آن را کامل کنم.

**آیا منظور شما یکی از موارد زیر است؟**

* **یک ضرب‌المثل یا شعر؟** (مثلاً: ""هر وقت از آب بگیری، خنک می‌شوی."")
* **یک دستورالعمل یا توصیه؟** (مثلاً: ""هر وقت از آب بگیری، مراقب باش."")
* **یک سوال؟** (مثلاً: ""هر وقت از آب بگیری، چه اتفاقی می‌افتد؟"")

**اگر می‌توانید، جمله کامل یا زمینه مورد نظر را بگویید تا بهترین پاسخ را بدهم.**",YES,YES,YES,NO,NO,NA,NA,NO,A,B asks for unnecessary clarification.
B012,surface_completion,تا تنور گرم است... ادامه ضرب المثل؟,"ادامه این ضرب‌المثل معمولاً این است:

**""تا تنور گرم است، کار را شروع کن.""**

یا گاهی اوقات با لحنی کمی متفاوت:

**""تا تنور گرم است، فرصت را از دست نده.""**

**معنی:** این ضرب‌المثل به این معناست که وقتی شرایط مناسب، فرصت خوب، یا زمان مناسبی فراهم شده است (مثل گرم شدن تنور)، نباید آن فرصت را از دست داد و باید بلافاصله شروع به کار کرد.",صورت ثبت‌شده: «تا تنور گرم است نان را بچسبان»,NO,NO,NO,YES,YES,YES,YES,NO,B,A gives a made-up continuation.
B013,surface_completion,دیگ به دیگ می‌گوید... کاملش چی بود؟,صورت ثبت‌شده: «دیگ به دیگ می‌گوید رویت سیاه»,"لطفاً **جمله یا متنی** که در آن ""دیگ به دیگ می‌گوید..."" آمده است را برای من بفرستید.

بدون متن اصلی، من نمی‌توانم بگویم که کاملش چه بوده است. 😊",YES,YES,YES,NO,NO,NA,NA,NO,A,B fails to recognize the proverb.
B014,surface_completion,مار گزیده از ریسمان... بقیه‌ش رو یادم نیست,صورت ثبت‌شده: «مار گزیده از ریسمان سیاه و سفید می‌ترسد»,"لطفاً کمی بیشتر توضیح دهید تا بتوانم کمکتان کنم. منظورتان از ""مار گزیده از ریسمان"" چیست؟

آیا این:

1. **یک شعر یا بیت شعر است؟** (اگر بله، لطفاً زمینه یا شاعر را بگویید.)
2. **یک ضرب‌المثل یا اصطلاح است؟**
3. **بخشی از یک داستان یا متن است؟**
4. **یک عبارت خاص در یک بازی یا موقعیت است؟**

وقتی جزئیات بیشتری بدهید، می‌توانم بقیه آن را پیدا کنم. 😊",YES,YES,YES,NO,NO,NA,NA,NO,A,B fails to recognize the proverb.
B015,surface_completion,هر گردی... ضرب المثل کاملش رو بگو,"ضرب‌المثل کامل **""هر گردی، گردو""** است.

**معنی:** این ضرب‌المثل به این معناست که هر کاری که انجام می‌دهی، نتیجه آن را می‌بینی؛ یعنی هر عملی، چه خوب و چه بد، حتماً پاسخی خواهد داشت. (معادل ""هر چه می‌کاری، آن را می‌بری"" یا ""کار هر کس، نتیجه‌اش را می‌بیند"").",شواهد کافی برای ارائهٔ یک عبارت ثبت‌شده و قابل اتکا پیدا نشد.,NO,NO,NO,YES,NO,NA,NA,NO,B,A reverses the meaning by giving «هر گردی، گردو»; B safely abstains.
B016,surface_completion,دوصد گفته... ادامه‌ش چی بود؟,"لطفاً متن یا جمله‌ای که ""دوصد گفته..."" در آن آمده است را کامل‌تر بنویسید تا بتوانم ادامه آن را برای شما بگویم.

بدون متن کامل، نمی‌توانم حدس بزنم منظور شما چیست. 😊",صورت ثبت‌شده: «دوصد گفته چون نیم کردار نیست»,NO,NA,NA,NO,YES,YES,YES,NO,B,A fails to complete the proverb.
B017,surface_completion,هر که طاووس خواهد... کاملش کن,صورت ثبت‌شده: «هر که طاووس خواهد جور هندوستان کشد»,"هر که طاووس خواهد، **بهشت خواهد داشت.**

این یک ضرب‌المثل یا گفته معروف است که معمولاً به معنای این است که کسی که زیبایی، شکوه، یا چیزهای ارزشمند و چشمگیر را در زندگی خود جستجو می‌کند، به پاداش یا نتیجه‌ای شایسته خواهد رسید.",YES,YES,YES,NO,NO,NO,NO,YES,A,B fabricates «بهشت خواهد داشت».
B018,surface_completion,دیوار موش دارد... بقیه‌اش چی بود؟,"این یک بازی کلامی یا یک معما است که نیاز به اطلاعات بیشتری دارد تا بتوانم پاسخ دقیقی بدهم.

**لطفاً بفرمایید این جمله از کجا آمده است؟** (مثلاً یک شعر، یک ضرب‌المثل، یک شوخی، یا یک متن خاص؟)

اگر منظور شما یک **جمله کامل** است، لطفاً ادامه آن را بگویید.

**اگر این یک بازی کلامی است، ممکن است منظور شما یکی از موارد زیر باشد:**

* **""دیوار موش دارد، بقیه‌اش چی بود؟""** (اگر این یک بازی با کلمات باشد، ممکن است به کلمه‌ای اشاره داشته باشد که با ""دیوار موش"" شروع یا مرتبط است.)

**منتظر اطلاعات بیشتر هستم تا بتوانم کمکتان کنم!**",صورت ثبت‌شده: «دیوار موش دارد موش هم گوش دارد»,NO,NA,NA,NO,YES,YES,YES,NO,B,A fails to recognize the proverb.
B019,surface_completion,قطره قطره جمع گردد... ادامه‌اش؟,"قطره قطره جمع گردد... **در سیلاب بدل شود.**

یا بسته به لحن و مفهوم مورد نظر، این موارد هم ممکن است مناسب باشند:

* **قطره قطره جمع گردد... و رودخانه شود.** (تأکید بر حجم زیاد)
* **قطره قطره جمع گردد... و دریا شود.** (تأکید بر عظمت و وسعت)
* **قطره قطره جمع گردد... و کوه شود.** (اگر منظور جمع شدن چیزهای کوچک برای ساختن چیزی بزرگ و مستحکم باشد)",صورت ثبت‌شده: «قطره قطره جمع گردد وانگهی دریا شود»,NO,NO,NO,YES,YES,YES,YES,NO,B,A gives invented continuations.
B020,surface_completion,گر صبر کنی... کامل بیت معروف رو بگو,صورت ثبت‌شده: «گر صبر کنی ز غوره حلوا سازی»,"بیت معروف که با ""گر صبر کنی..."" شروع می‌شود، معمولاً به این شکل است:

**""گر صبر کنی بر روزگار، روزی خوش می‌آید.""**

یا در برخی نسخه‌ها ممکن است کمی تفاوت در کلمات وجود داشته باشد، اما این رایج‌ترین و شناخته‌شده‌ترین شکل آن است.

آیا منظورتان این بیت بود یا بیت دیگری مد نظرتان است؟",YES,YES,YES,NO,NO,NO,NO,YES,A,B fabricates a different line.
B021,surface_completion,زبان سرخ... ادامه مثل چی بود؟,"لطفاً متن یا جمله‌ای که قبل از ""زبان سرخ..."" آمده است را برای من بفرستید.

بدون متن قبلی، نمی‌توانم بفهمم منظور شما چیست و ادامه آن چه بوده است.",برای پاسخ دقیق‌تر، لطفاً مشخص کن کدام عبارت یا کدام منظور را می‌خواهی بررسی کنم.,NO,NA,NA,NO,NO,NA,NA,NO,TIE,Neither completes «زبان سرخ سر سبز می‌دهد بر باد».
B022,surface_completion,علاج واقعه... کاملش چی میشه؟,"""علاج واقعه"" (Ilaj-e Vaqe'e) به معنای **""درمان یک واقعه""** یا **""برطرف کردن یک رویداد/حادثه""** است.

اما برای اینکه بتوانم به شما کمک کنم و کاملش کنم، **نیاز دارم بدانم منظور شما دقیقاً چیست.**

**لطفاً مشخص کنید که منظور شما از ""واقعه"" چیست؟**

آیا منظورتان یکی از موارد زیر است؟

1. **یک حادثه یا مشکل خاص؟** (مثلاً: ""علاج واقعه تصادف"" یا ""علاج واقعه بیماری"")
2. **یک مفهوم کلی در پزشکی یا روانشناسی؟** (مثلاً: ""درمان یک وضعیت بحرانی"")
3. **یک عبارت ناقص در یک متن یا جمله؟**

**وقتی جزئیات بیشتری بدهید، می‌توانم پاسخ دقیق‌تری ارائه دهم.**",صورت ثبت‌شده: «علاج واقعه قبل از وقوع باید کرد»,NO,NA,NA,NO,YES,YES,YES,NO,B,A treats the phrase literally instead of restoring the proverb.
B023,surface_completion,نوش دارو بعد از... صورت کاملش چی بود؟,صورت ثبت‌شده: «نوشدارو بعد از مرگ سهراب»,"لطفاً جمله یا متنی که در آن عبارت ""نوش دارو بعد از..."" آمده است را کامل‌تر بنویسید تا بتوانم منظور شما را بفهمم و پاسخ دهم.

بدون متن کامل، نمی‌توانم بگویم منظور شما چه بوده است.",YES,YES,YES,NO,NO,NA,NA,NO,A,B asks for unnecessary context.
B024,surface_completion,سالی که نکوست... ادامه‌ش رو بگو,صورت ثبت‌شده: «سالی که نکوست از بهارش پیداست»,"لطفاً منظورتان را واضح‌تر بیان کنید. ""سالی که نکوست..."" یک جمله ناقص است و برای اینکه بتوانم ادامه آن را بگویم، نیاز به اطلاعات بیشتری دارم.

**آیا منظور شما یکی از موارد زیر است؟**

1. **یک شعر یا متن خاص؟** (اگر بله، لطفاً بیت یا بخشی از آن را بگویید.)
2. **یک خاطره یا موقعیت خاص؟** (مثلاً: ""سالی که نکوست، همه چیز عوض شد..."")
3. **یک عبارت عامیانه یا ضرب‌المثل؟**

**اگر کمی بیشتر توضیح دهید، خوشحال می‌شوم ادامه آن را برای شما بنویسم.** 😊",YES,YES,YES,NO,NO,NA,NA,NO,A,B fails to recognize the proverb.
B025,surface_completion,جلوی ضرر رو از هرجا بگیری... بقیه ضرب المثل چیه؟,"بقیه ضرب‌المثل این است:

**""جلوی ضرر رو از هر جا بگیری، ضرر رو از خودت نگیر.""**

یا گاهی اوقات با کمی تغییر:

**""جلوی ضرر رو از هر جا بگیری، ضرر رو از خودت نگیر.""**

**معنی:** این ضرب‌المثل به این معناست که اگر قرار است متحمل ضرری شوی، سعی کن آن ضرر را از منابع یا افراد دیگری بگیری و به خودت نرساند. یعنی از دیگران یا شرایط بیرونی برای تحمل خسارت استفاده کن، نه اینکه خودت قربانی شوی.",صورت ثبت‌شده: «جلوی ضرر را از هر جا بگیری منفعت است»,NO,NO,NO,YES,YES,YES,YES,NO,B,A gives an incorrect continuation and meaning.
B026,surface_noisy,مرغ همسایه غازه؟ شکل دقیق مثل رو میگی,صورت ثبت‌شده: «مرغ همسایه غازه»,"من یک مدل زبان بزرگ هستم و نمی‌توانم تصاویر را ببینم یا به طور دقیق بفهمم که منظور شما از ""مرغ همسایه غازه"" چیست.

لطفاً اگر می‌توانید، **توضیح بیشتری** ارائه دهید یا اگر منظورتان یک تصویر است، آن را برای من ارسال کنید تا بتوانم بهتر کمکتان کنم.

آیا منظورتان:

1. **یک نوع خاص از مرغ** است؟
2. **یک شیء یا وسیله** است که به مرغ شباهت دارد؟
3. **یک اصطلاح محلی** است؟

با اطلاعات بیشتر، می‌توانم شکل دقیق یا توضیحات مورد نظر شما را ارائه دهم.",YES,YES,YES,NO,NO,NA,NA,NO,A,B misreads the request and does not recognize the idiom.
B027,surface_noisy,عجله کار شیطونه، دقیقش چیه؟,صورت ثبت‌شده: «عجله، کار شیطونه»,"""عجله کار شیطونه"" یک اصطلاح عامیانه و محاوره‌ای در زبان فارسی است که معمولاً برای توصیف **شخصی که با عجله، بی‌دقت، و اغلب به شیوه‌ای نامنظم و پرخاشگرانه کار می‌کند** به کار می‌رود.

**معنی دقیق‌تر آن به شرح زیر است:**

1. **عجله زیاد:** نشان‌دهنده این است که فرد بدون صبر و حوصله، و با فشار زمانی زیاد کار می‌کند.
2. **بی‌نظم و نامرتب:** کار او معمولاً فاقد دقت، برنامه‌ریزی و نظم لازم است.
3. **شیطون (در این بافت):** کلمه ""شیطون"" در اینجا به معنای شیطنت‌آمیز، سرکش، یا کسی که کار را به شیوه‌ای غیرمتعارف و گاهی اوقات آشفته انجام می‌دهد، به کار رفته است. این کلمه بار معنایی منفی دارد و نشان‌دهنده کیفیت پایین کار است.

**به زبان ساده، این عبارت یعنی:**

* **""کار عجولانه و بی‌کیفیت.""**
* **""انجام دادن کار",YES,YES,YES,NO,YES,YES,YES,NO,A,Both identify the same expression; A gives the requested registered form more directly.
B028,surface_noisy,باد آورده رو باد میبره؛ صورت ثبت شده‌ش رو بگو,صورت ثبت‌شده: «باد آورده را باد می‌برد»,"این عبارت، **""باد آورده رو باد میبره""**، یک ضرب‌المثل یا اصطلاح عامیانه فارسی است.

**معنی و مفهوم آن:**

این ضرب‌المثل به این معناست که **کسی که با غرور، خودبزرگ‌بینی، یا با ادعاهای بزرگ و غیرواقعی وارد یک موقعیت می‌شود، به همان اندازه که با آن وارد شده، به سرعت و به شکلی ناگهانی از بین می‌رود یا شکست می‌خورد.**

به عبارت ساده‌تر:

* **غرور و خودنمایی زودگذر است.**
* **کسی که بیش از حد خود را بزرگ جلوه دهد، سقوطش سریع‌تر خواهد بود.**

**توضیح اجزای عبارت:**

* **باد آورده:** کسی که با هیجان، ادعا، یا انرژی زیاد (مانند باد) وارد می‌شود و خود را مهم جلوه می‌دهد.
* **باد میبره:** به معنای از بین بردن، پراکنده کردن، یا نابود کردن است.

**معادل‌های مفهومی در زبان فارسی:**

اگرچه ترجمه مستقیم وجود ندارد، مفهوم آن نزدیک به این موارد است:

* **غرور،",YES,YES,YES,NO,NO,YES,YES,NO,A,B recognizes the proverb but does not normalize the requested registered surface and gives a wrong explanation.
B029,surface_noisy,درخت هرچی بارش بیشتر شه سرش پایین تره، اصل مثل چی بود؟,"این ضرب‌المثل یا کنایه، به طور مستقیم و دقیق، یک ضرب‌المثل مشهور و استاندارد در زبان فارسی نیست که با این عبارت دقیق بیان شده باشد.

**اما، اگر منظور شما یک مفهوم کلی است که در آن ""بیشتر شدن"" یا ""بار بیشتر"" منجر به ""افتادن"" یا ""ضعف"" می‌شود، این می‌تواند به چند مفهوم مختلف اشاره داشته باشد:**

### ۱. مفهوم بار سنگین و فشار (معنای تحت‌اللفظی)
در طبیعت، وقتی بار زیادی روی شاخه‌ها قرار می‌گیرد (مثل باران زیاد یا میوه زیاد)، شاخه‌ها خم می‌شوند و سر درخت پایین می‌آید. این می‌تواند نمادی از:
* **فشار بیش از حد:** وقتی مسئولیت‌ها یا مشکلات بیش از حد روی یک فرد یا سیستم سنگینی می‌کند، دچار فروپاشی یا خمیدگی می‌شود.

### ۲. مفهوم زیاده‌روی و افراط (معنای استعاری)
این مفهوم رایج‌تر است. در بسیاری از فرهنگ‌ها، زیاده‌روی در هر چیزی (چه خوب و چه بد) نتیجه عکس می‌دهد.
* **مثال:** اگر کسی بیش از حد تلاش کند یا بیش",صورت ثبت‌شده: «درخت هرچه بارش بیشتر شود سربه‌زیرتر می‌شود»,NO,NA,NA,NO,YES,YES,YES,NO,B,A fails to recover the registered expression.
B030,surface_noisy,هرچی کنی به خودت میکنی؛ عبارت دقیقش رو بده,"عبارت دقیق و رایج برای این مفهوم در زبان فارسی، بسته به لحن و تأکیدی که می‌خواهید داشته باشید، می‌تواند یکی از موارد زیر باشد:

**رایج‌ترین و عمومی‌ترین:**

* **هر چه کنی، به خودت می‌کنی.** (این دقیق‌ترین ترجمه و بیان مستقیم است.)

**گزینه‌های دیگر با تأکیدهای متفاوت:**

* **کار خودت، نتیجه خودت.** (کوتاه‌تر و تأکید بر مسئولیت‌پذیری.)
* **هر کاری انجام دهی، خودت در آن گرفتار می‌شوی.** (اگر منظور پیامد منفی باشد.)
* **هر چه بکاری، آن را می‌بری.** (استعاری و ادبی‌تر، اشاره به قانون کار و نتیجه.)
* **خودت مسئول اعمالت هستی.** (رسمی‌تر و فلسفی‌تر.)

**انتخاب شما بستگی به بافت جمله دارد، اما اگر دنبال معادل مستقیم و عامیانه هستید، ""هر چه کنی، به خودت می‌کنی"" بهترین گزینه است.**",صورت ثبت‌شده: «هرچه کنی به خود کنی»,YES,YES,YES,NO,YES,YES,YES,NO,B,Both are semantically acceptable; B gives the corpus-registered concise form.
B031,surface_noisy,جوینده یابندس؟ شکل درست و دقیقش چی بود,"من یک مدل زبان بزرگ هستم که توسط گوگل دیپ‌مایند توسعه داده شده‌ام.

اگر منظور شما از ""جوینده یابندس"" یک کلمه یا اصطلاح خاص است، لطفاً آن را واضح‌تر بنویسید تا بتوانم شکل درست و دقیق آن را برای شما پیدا کنم. ممکن است املای کلمه مورد نظر شما کمی متفاوت باشد.

آیا منظورتان یکی از موارد زیر است؟

1. **جوینده‌یاب (Joiner/Finder):** اگر منظور شما کسی است که چیزی را پیدا می‌کند یا به چیزی متصل می‌شود.
2. **یک کلمه خاص در زبان فارسی یا انگلیسی؟**

لطفاً متن یا کلمه مورد نظر را دوباره بررسی و بپرسید.",صورت ثبت‌شده: «جوینده یابنده بود»,NO,NA,NA,NO,YES,YES,YES,NO,B,A does not recognize the noisy surface.
B032,surface_noisy,ماه پشت ابر نمیمونه، نسخه دقیقش رو بگو,"عبارت ""ماه پشت ابر نمیمونه"" یک ضرب‌المثل یا اصطلاح عامیانه است و به معنای این است که **هیچ چیزی برای همیشه باقی نمی‌ماند**؛ همه چیز در دنیا زودگذر است، چه خوشی‌ها و چه غم‌ها.

**اگر منظور شما این است که می‌خواهید نسخه دقیق یا معادل‌های ادبی و رسمی این مفهوم را بدانید، بسته به بافت جمله، می‌توانید از عبارات زیر استفاده کنید:**

### ۱. معانی کلی (گذرا بودن همه چیز):

* **همه چیز زودگذر است.** (ساده‌ترین و مستقیم‌ترین ترجمه)
* **هیچ چیز ابدی نیست.** (رسمی‌تر)
* **دنیای فانی است.** (بسیار ادبی و فلسفی)
* **گذشت و رفت.** (وقتی در مورد یک رویداد خاص صحبت می‌کنید)

### ۲. معانی مرتبط با سختی‌ها و مشکلات (اگر منظور این است که سختی‌ها هم می‌گذرند):

* **سختی‌ها هم می‌گذرند.**
* **زمان همه چیز را تغییر می‌دهد.**
* **هر تاریکی‌ای روزی می‌گذرد.** (ب",صورت ثبت‌شده: «ماه پشت ابر نمی‌ماند»,YES,YES,YES,NO,YES,YES,YES,NO,B,Both recover the expression; B gives the exact registered form without the incorrect extra explanation.
B033,surface_noisy,دیر و زود داره ولی سوخت و سوز نداره، دقیقش چی بود,"این معما به احتمال زیاد به **ساعت** اشاره دارد.

**توضیح:**

* **دیر و زود داره:** ساعت زمان را نشان می‌دهد (دیر و زود بودن زمان).
* **سوخت و سوز نداره:** ساعت نیازی به سوخت (مثل بنزین یا گاز) ندارد و فرآیند احتراق (سوز) ندارد.",صورت ثبت‌شده: «دیر و زود دارد ولی سوخت و سوز ندارد»,NO,NA,NO,NO,YES,YES,YES,NO,B,A mistakes the proverb for a riddle and answers «ساعت».
B034,surface_noisy,تو نیکی کن بنداز دجله؛ شکل درست مثل رو میخوام,"متأسفانه، من نمی‌توانم درخواست شما را به طور کامل درک کنم. عبارت ""تو نیکی کن بنداز دجله؛ شکل درست مثل رو میخوام"" کمی مبهم است و نیاز به توضیح بیشتری دارد تا بتوانم به درستی به شما کمک کنم.

**لطفاً مشخص کنید منظورتان دقیقاً چیست:**

1. **آیا این یک شعر، بیت، یا عبارت ادبی است؟** اگر بله، آیا می‌خواهید آن را کامل کنید، ترجمه کنید، یا درباره آن تحلیل انجام دهم؟
2. **آیا منظور شما یک دستورالعمل یا درخواست خاص است؟** (مثلاً در مورد نوشتن متن، کدنویسی، یا تولید محتوا؟)
3. **منظور از ""نیکی کن بنداز دجله"" چیست؟** (آیا این یک استعاره است؟)
4. **منظور از ""شکل درست مثل رو میخوام"" چیست؟** (آیا فرمت خاصی مد نظر دارید؟)

**اگر بتوانید جزئیات بیشتری ارائه دهید، خوشحال می‌شوم که ""شکل درست"" آن را برای شما فراهم کنم.**",صورت ثبت‌شده: «تو نیکی می‌کن و در دجله انداز»,NO,NA,NA,NO,YES,YES,YES,NO,B,A fails to restore the familiar expression.
B035,surface_noisy,حساب حسابه کاکا برادر، صورت درستش رو بگو,صورت ثبت‌شده: «حساب حسابه، کاکا برادر»,"لطفاً **حساب** یا **جمله‌ای** که می‌خواهید درست شود را برای من بنویسید.

من نیاز دارم که متن یا محاسباتی که مد نظر شماست را ببینم تا بتوانم آن را تصحیح کنم. 😊",YES,YES,YES,NO,NO,NA,NA,NO,A,B asks for unrelated clarification.
B036,surface_noisy,سیلی نقد بهتر از حلوای نسیه‌س؟ عبارت اصلی چی بود,"عبارت اصلی که شما به آن اشاره می‌کنید، احتمالاً این بوده است:

**""سیلی نقد بهتر از حلوای نسیه است.""**

این یک ضرب‌المثل یا یک جمله کنایه‌آمیز است که معمولاً برای تأکید بر این نکته به کار می‌رود که **انتقاد صادقانه و سخت (سیلی نقد)**، هرچند تلخ و ناخوشایند باشد، اما از **پاداش‌های شیرین و ظاهری (حلوای نسیه)** که ممکن است فریبنده یا کم‌ارزش باشند، ارزشمندتر و مفیدتر است.

**معنی کلی:** حقیقت تلخ و انتقاد سازنده، بهتر از خوشمزگی‌های سطحی و فریبنده است.",صورت ثبت‌شده: «سیلی نقد به از حلوای نسیه»,YES,YES,YES,NO,YES,YES,YES,NO,B,Both recover the saying; B gives the more exact traditional wording.
B037,surface_noisy,دست بالای دست زیاده؛ شکل ثبت شده رو بگو,"لطفاً منظورتان را واضح‌تر بیان کنید. ""دست بالای دست زیاده"" به چه معناست؟

آیا شما در مورد:

1. **یک تصویر یا نمودار خاص** صحبت می‌کنید که در آن دست‌ها به شکلی غیرعادی قرار گرفته‌اند؟
2. **یک اصطلاح یا وضعیت پزشکی** هستید؟
3. **یک مسئله طراحی یا گرافیکی** دارید؟

اگر می‌توانید **شکل ثبت شده** (مثلاً یک عکس، یک نمودار، یا یک توضیح دقیق‌تر) را ارائه دهید، من می‌توانم به شما کمک کنم.",صورت ثبت‌شده: «دست بالای دست بسیار است»,NO,NA,NA,NO,YES,YES,YES,NO,B,A fails to recognize the expression.
B038,surface_noisy,آب تو کوزه‌س ما تشنه میگردیم؛ اصلش چی بود,"این جمله که شما گفتید، یعنی **""آب تو کوزه‌س ما تشنه میگردیم""**، یک ضرب‌المثل یا یک عبارت ادبی است که در زبان فارسی رایج است.

**معنی اصلی و مفهوم آن این است:**

این عبارت به این معناست که **وقتی منبع اصلی یا منبعی که قرار است سیراب‌کننده باشد، خود دچار کمبود یا مشکل شود، نتیجه آن به کسانی که به آن وابسته هستند (یعنی ما)، می‌رسد و آن‌ها دچار مشکل می‌شوند.**

به عبارت ساده‌تر:

* **آب در کوزه:** نماد منبع، منبع اصلی، یا چیزی است که قرار است تأمین‌کننده نیاز باشد.
* **ما تشنه می‌گردیم:** نماد وابستگی، نیاز، و عواقب کمبود است.

**تفسیرهای مختلف بسته به بافت جمله:**

1. **در مسائل اجتماعی یا سیاسی:** اگر منبع (مثلاً دولت، رهبر، یا یک سیستم) دچار ضعف، فساد، یا کمبود منابع شود، مردم (ما) دچار سختی، تشنه‌بودن (نیازهای برآورده نشده) و مشکلات می‌شوند.",صورت ثبت‌شده: «آب در کوزه و ما تشنه‌لبان می‌گردیم»,NO,YES,NO,NO,YES,YES,YES,NO,B,A repeats the noisy surface but gives an incorrect interpretation; B restores the registered form.
B039,surface_noisy,بار کج به مقصد نمیرسه، شکل دقیق ضرب المثل رو بگو,"ضرب‌المثل دقیق که شما به دنبالش هستید، احتمالاً یکی از این موارد است، بسته به اینکه منظور شما دقیقاً چه موقعیتی بوده است:

**۱. بار کج به مقصد نمی‌رسه (یا بار کج به جایی نمی‌رسه):**

این عبارت به طور کلی به این معنی است که **اگر کارها یا برنامه‌ها از ابتدا درست و منظم نباشند (یعنی ""کج"" باشند)، هرگز به نتیجه مطلوب و موفقیت‌آمیز نخواهند رسید.**

**۲. اگر منظور شما یک ضرب‌المثل رایج‌تر است، ممکن است یکی از این موارد باشد:**

* **""هر که می‌کوشد، به جایی می‌رسد.""** (اگر منظور شما تلاش زیاد است.)
* **""آب به آسیاب بریز.""** (اگر منظور شما پیگیری مداوم است.)
* **""هر چه زودتر، بهتر.""** (اگر منظور شما تأخیر است.)

**اگر می‌توانید کمی بیشتر توضیح دهید که این ضرب‌المثل در چه موقعیتی استفاده شده است (مثلاً در مورد کار، رابطه، یا سفر)، می‌توانم دقیق‌ترین شکل آن را برای شما پیدا کنم.**",صورت ثبت‌شده: «بار کج به منزل نمی‌رسد»,NO,YES,YES,NO,YES,YES,YES,NO,B,A gives an approximate variant plus unrelated alternatives; B gives the exact registered proverb.
B040,surface_noisy,از کوزه همون بیرون میاد که توشه؛ عبارت دقیقش رو میگی,"عبارت دقیق و رایج برای این مفهوم، بسته به اینکه منظورتان دقیقاً چه موقعیتی است، می‌تواند متفاوت باشد. اما چند گزینه وجود دارد که بسته به بافت (مثلاً در مورد آب، دود، یا یک شیء) مناسب هستند:

**اگر منظور شما چیزی است که از یک ظرف (کوزه) به بیرون می‌آید و در داخل آن قرار دارد (که کمی متناقض است، مگر اینکه منظور جریان باشد):**

* **""از کوزه بیرون می‌آید و در آنجا باقی می‌ماند.""** (اگر منظور جریان یا حرکت باشد)
* **""از کوزه خارج می‌شود و در فضای اطراف آن قرار می‌گیرد.""**

**اگر منظور شما این است که چیزی از کوزه خارج می‌شود و در جایی که کوزه قرار دارد، دیده می‌شود (مثلاً بخار یا مایع):**

* **""از کوزه سرازیر می‌شود.""** (اگر جریان زیاد باشد)
* **""از کوزه جاری می‌شود.""** (اگر مایع باشد)
* **""از کوزه خارج می‌شود.""** (عمومی‌ترین حالت)

**اگر منظور شما این است که چیزی از کوزه بیرون می‌آید و در محلی که کوزه در",شواهد کافی برای ارائهٔ یک عبارت ثبت‌شده و قابل اتکا پیدا نشد.,NO,NA,NA,NO,NO,NA,NA,NO,B,Neither restores the expected saying; B is the safer abstention.
B041,surface_wrong_word,فکر کنم میگن «سحرخیز باش تا ثروتمند باشی»؛ درستش کن,"جمله شما به طور کلی مفهوم درستی دارد و در فرهنگ‌های مختلف به عنوان یک توصیه برای موفقیت و ثروت شناخته می‌شود. با این حال، برای اینکه از نظر دستوری و ادبی کاملاً صحیح و تأثیرگذار باشد، چند روش برای اصلاح آن وجود دارد.

بسته به اینکه می‌خواهید لحن رسمی، انگیزشی یا محاوره‌ای داشته باشید، می‌توانید یکی از گزینه‌های زیر را انتخاب کنید:

---

### ۱. حالت انگیزشی و ضرب‌المثل‌گونه (رایج‌ترین و قوی‌ترین)

این حالت، لحن ضرب‌المثل‌ها و جملات انگیزشی را دارد و بسیار رایج است:

* **«سحرخیز باش تا ثروتمند شوی.»** (ساده، مستقیم و قوی)
* **«اگر سحرخیز باشی، ثروتمند خواهی شد.»** (تأکید بر شرطی بودن)

### ۲. حالت رسمی و ادبی (برای متون نوشتاری)

اگر می‌خواهید لحن رسمی‌تری داشته باشید:

* **«با سحرخیزی، به ثروت دست خواهی یافت.»** (رسمی‌تر و ادبی‌تر)
* **«س",صورت ثبت‌شده: «سحرخیز باش تا کامروا باشی»,NO,NO,NO,YES,YES,YES,YES,NO,B,A rewrites the incorrect saying into another unsupported form; B restores the registered expression.
B042,surface_wrong_word,«خواهی نشوی تنها همرنگ جماعت شو» رو درست یادمه؟ شکل اصلی رو بگو,این صورت در پیکرهٔ فعلی به‌عنوان یک عبارت ثبت‌شده تأیید نشد.,"جمله «خواهی نشوی تنها همرنگ جماعت شو» از نظر دستوری و معنایی کمی نامفهوم و غیرطبیعی است. به نظر می‌رسد شما در حال یادآوری یک **ضرب‌المثل، شعر، یا یک عبارت عامیانه** هستید که معنای آن به **انطباق با جمع** یا **اجتناب از انزوا** اشاره دارد.

**اگر منظور شما این است که باید با جمع هماهنگ باشی و تنها نباشی، شکل‌های رایج‌تر و صحیح‌تر عبارت‌ها این‌ها هستند:**

### ۱. اگر منظور ""همراهی با جمع"" است (تأکید بر انطباق):

* **""همرنگ جماعت شو.""** (این ساده‌ترین و رایج‌ترین شکل است و یعنی با اکثریت هماهنگ باش.)
* **""جماعت رو دنبال کن.""** (اگر منظور پیروی از اکثریت باشد.)

### ۲. اگر منظور ""تنها نمان"" است (تأکید بر همراهی):

* **""تنها نمان.""** (ساده و مستقیم.)
* **""با جمع باش.""**

### ۳. اگر منظور یک هشدار یا نصیحت است (",NO,NA,NA,NO,NO,NO,YES,NO,B,Neither gives the full expected proverb; B at least recovers the recognizable fragment «همرنگ جماعت شو».
B043,surface_wrong_word,من میگم «دیر رسیدن بهتر از زود نرسیدن است»؛ صورت درستش چیه؟,صورت ثبت‌شده: «دیر رسیدن بهتر از هرگز نرسیدن است»,"جمله‌ای که شما گفتید، یعنی **«دیر رسیدن بهتر از زود نرسیدن است»**، از نظر دستوری و معنایی **صحیح** است و منظور شما را به خوبی می‌رساند.

اما اگر منظور شما این است که آیا این جمله یک **ضرب‌المثل** یا **اصطلاح رایج** است یا خیر، باید بگویم که این جمله به شکل دقیق و رایج در زبان فارسی وجود ندارد.

**معنی و مفهوم جمله شما:**

این جمله در واقع بیانگر این مفهوم است که: **حضور در نهایت (حتی اگر با تأخیر باشد) بهتر از عدم حضور اصلاً است.**

**جایگزین‌های رایج‌تر (بسته به منظور دقیق شما):**

بسته به اینکه دقیقاً چه منظوری دارید، ممکن است اصطلاحات دیگری مناسب‌تر باشند:

1. **اگر منظور شما این است که تأخیر قابل قبول است، اما غیبت نه:**
   * «حضور با تأخیر، بهتر از غیبت است.» (رسمی‌تر)
   * «بهتر است دیر بیایی تا اینکه اصلاً نیایی.» (محاوره‌ای)

2. **اگر",YES,YES,YES,NO,NO,NO,NO,NO,A,B incorrectly accepts the user’s corrupted form as semantically correct.
B044,surface_wrong_word,«هر سخن جایی و هر حرف مکانی دارد»؛ اگر اشتباهه اصلاحش کن,این صورت در پیکرهٔ فعلی به‌عنوان یک عبارت ثبت‌شده تأیید نشد.,"جمله «هر سخن جایی و هر حرف مکانی دارد» از نظر **معنایی و ادبی** کاملاً صحیح و زیباست و نیازی به اصلاح اساسی ندارد. این جمله یک مفهوم عمیق فلسفی و عرفانی را بیان می‌کند که بر اهمیت **بافت، زمان و مکان** در معنای کلام تأکید دارد.

**اما، اگر منظور شما اصلاح از نظر ساختار دستوری یا لحن خاصی است، چند نکته و جایگزین ممکن است بسته به بافت مورد نظر شما وجود دارد:**

---

### ۱. اگر منظور شما تأکید بیشتر بر ""اهمیت"" است (رسمی‌تر):

اگر می‌خواهید لحن رسمی‌تر و تأکید بیشتری بر این نکته داشته باشید که کلام بی‌معنی نیست، می‌توانید از این ساختارها استفاده کنید:

* **«هر سخنی در جایگاه خود و هر حرفی در مکانی خاص معنا دارد.»** (تأکید بر معنا)
* **«برای هر سخنی جایگاهی و برای هر حرفی مکانی تعیین شده است.»** (تأکید بر تعیین بودن)

### ۲. اگر منظور شما ادبی‌تر و شاعرانه‌تر است (ت",NO,NA,NA,NO,NO,NO,NO,YES,A,Neither restores the expected proverb; B wrongly validates and elaborates the corrupted wording.
B045,surface_wrong_word,فکر کنم «دروغگو پرحافظه است» غلطه؛ عبارت درست چی بود؟,این صورت در پیکرهٔ فعلی به‌عنوان یک عبارت ثبت‌شده تأیید نشد.,"عبارت ""دروغگو پرحافظه است"" به طور کلی **غلط** تلقی می‌شود، زیرا این دو مفهوم (دروغگویی و حافظه قوی) لزوماً با هم مرتبط نیستند و در واقع ممکن است در تضاد باشند.

با این حال، اگر منظور شما یک **ضرب‌المثل، اصطلاح یا یک مفهوم روانشناختی خاص** بوده که در آن این دو کلمه به شکلی خاص به هم مرتبط شده‌اند، لطفاً کمی بیشتر توضیح دهید تا بتوانم دقیق‌تر کمک کنم.

**اما اگر منظور شما این است که چه عبارتی می‌تواند این ایده را منتقل کند، چند احتمال وجود دارد:**

### ۱. اگر منظور این است که دروغگوها جزئیات را به خاطر می‌سپارند (برای ساختن داستان):

اگر منظور این است که دروغگوها برای اینکه دروغشان باورپذیر باشد، باید جزئیات زیادی را به خاطر بسپارند، ممکن است منظور شما این باشد:

* **""دروغگو جزئیات را به خاطر می‌سپارد.""** (این بیشتر یک توصیف است تا یک ضرب‌المثل.)
* **""دروغگو با دقت جزئیات",NO,NA,NA,NO,NO,NA,YES,NO,TIE,Both recognize that the supplied form is problematic but neither restores «دروغگو کم‌حافظه است».
B046,surface_wrong_word,«سنگ بزرگ علامت زدن است» رو اشتباه میگم؟ درستش رو بگو,صورت ثبت‌شده: «سنگ بزرگ علامت نزدن است»,"جمله «سنگ بزرگ علامت زدن است» از نظر دستوری و معنایی **صحیح نیست** و به نظر می‌رسد که شما در تلاش برای بیان یک مفهوم یا ضرب‌المثل خاص هستید.

**برای اینکه بتوانم بهترین تصحیح را ارائه دهم، لطفاً بگویید منظورتان از این جمله چه بوده است؟**

آیا منظور شما یکی از موارد زیر بوده است؟

### ۱. اگر منظور شما این است که «هر کار بزرگی نیاز به نشانه‌گذاری یا تأیید دارد»:

ممکن است منظور شما این ضرب‌المثل یا مفهوم باشد:

* **«سنگ بزرگ، نشانه‌ای از اهمیت است.»** (اگر منظور اهمیت دادن به چیزی باشد)
* **«هر کار بزرگی، نشانه‌ای از تلاش است.»**

### ۲. اگر منظور شما این است که «یک چیز بزرگ، به خودی خود گویا است» (مثل ضرب‌المثل ""سنگ سنگین، خودش حرف می‌زند""):

در این حالت، ممکن است منظور شما این باشد:

* **«سنگ بزرگ، خودش گویاست.»**
* **«سنگ بزرگ، نیازی به توضیح ندارد.»**

### ۳. اگر منظور",YES,YES,YES,NO,NO,NO,NO,YES,A,B invents alternative formulations instead of restoring the proverb.
B047,surface_wrong_word,«هرچه بکاری همان بخری»؛ شکل درست ضرب المثل رو میخوام,صورت ثبت‌شده: «هرچه بکاری همان بدروی»,"شکل درست و رایج این ضرب‌المثل در زبان فارسی این است:

**«هر چه بکاری، همان را درو می‌کنی.»**

یا به شکل کوتاه‌تر و محاوره‌ای‌تر:

**«هر چه بکاری، همان را می‌گیری.»**

**توضیح:**

ضرب‌المثل اصلی بر این مفهوم استوار است که اعمال و تلاش‌های ما (بذرکاری) در نهایت نتیجه‌ای دارند (درختان یا محصولی که درو می‌کنیم).

**نکته:** عبارت «هرچه بکاری همان بخری» از نظر معنایی قابل فهم است، اما از نظر ادبی و اصطلاحی، شکل بالا (با استفاده از فعل **درو کردن**) صحیح‌تر و اصیل‌تر است.",YES,YES,YES,NO,YES,YES,YES,NO,TIE,Both give authentic and appropriate versions of the same proverb.
B048,surface_wrong_word,فکر کنم «کاچی بهتر از همه‌چی» بود؛ اصل عبارت چی بود؟,صورت ثبت‌شده: «کاچی بهتر از هیچی است»,"با توجه به اینکه شما عبارت ""کاچی بهتر از همه‌چی"" را به یاد آورده‌اید، احتمالاً منظور شما یکی از این موارد است، زیرا این عبارت به تنهایی به اندازه کافی مشخص نیست و ممکن است بخشی از یک نقل قول، آهنگ، یا اصطلاح محلی باشد:

**۱. اگر منظور شما یک نقل قول یا عبارت مشهور است:**

* **لطفاً زمینه بیشتری بدهید:** آیا این عبارت در مورد یک شخص خاص (مثلاً یک شخصیت کارتونی، ورزشکار، یا فرد مشهور) بود؟ آیا در یک فیلم، سریال، یا آهنگ شنیده‌اید؟

**۲. اگر منظور شما یک اصطلاح عامیانه یا محلی است:**

* ممکن است کلمه ""کاچی"" یک کلمه محلی یا عامیانه باشد که معنای خاصی در آن گویش دارد.

**۳. اگر اشتباه تایپی یا شنیداری رخ داده است:**

* آیا ممکن است کلمه دیگری مد نظر شما بوده باشد؟ (مثلاً کلمه‌ای شبیه به ""کچی"" یا ""کاچی"" در زبان دیگری؟)

**برای اینکه بتوانم اصل عبارت را پیدا کنم، لطفاً اطلاعات بیشتری ارائه دهید:**

* **ک",YES,YES,YES,NO,NO,NA,NA,NO,A,B fails to recognize the well-known expression.
B049,surface_wrong_word,«چاه مکن بهر کسی اول دیگری دوم خودت»؛ درستش کن,"جمله «چاه مکن بهر کسی اول دیگری دوم خودت» از نظر ساختاری و معنایی کمی نامفهوم و غیررایج است. به نظر می‌رسد که منظور شما یک ضرب‌المثل یا یک توصیه اخلاقی است که در آن تأکید بر **اولویت دادن به دیگران** قبل از خود است.

بسته به اینکه دقیقاً چه منظوری داشته‌اید، چند حالت تصحیح و جایگزین وجود دارد:

---

### ۱. اگر منظور **اولویت دادن به دیگران** است (معنی اخلاقی):

اگر می‌خواهید بگویید که قبل از اینکه به فکر منافع خود باشید، باید به فکر دیگران باشید، این عبارات رایج‌تر و صحیح‌تر هستند:

* **«اول به فکر دیگران باش، بعد به فکر خودت.»** (ساده‌ترین و واضح‌ترین شکل)
* **«پیش از خود، به فکر دیگران باش.»**
* **«همیشه اولویتت باید کمک به دیگران باشد.»**

### ۲. اگر منظور **عمل کردن برای دیگران** است (تأکید بر خدمت):

اگر منظور این است که باید برای دیگران تلاش کنی و",صورت ثبت‌شده: «چاه مکن بهر کسی اول خودت دوم کسی»,NO,NA,NA,NO,YES,YES,YES,NO,B,A misinterprets the request; B restores the registered form.
B050,surface_wrong_word,میگن «آمدی جانم به قربانت ولی دیر چرا»؟ صورت اصلیش چی بود,صورت ثبت‌شده: «آمدی جانم به قربانت ولی حالا چرا»,"این عبارت که شما ذکر کردید، یعنی **«آمدی جانم به قربانت ولی دیر چرا؟»**، یک جمله بسیار شاعرانه و عاشقانه است که در ادبیات فارسی رایج است.

**اما در مورد اینکه ""صورت اصلیش چی بود""، باید چند نکته را در نظر گرفت:**

1. **این یک بیت یا مصرع کامل است:** این جمله به تنهایی یک ""صورت اصلی"" مشخص و ثابت ندارد، بلکه یک **بیان احساسی** است که در قالب شعر یا سخن عاشقانه به کار می‌رود.
2. **منشأ دقیق:** این عبارت به طور قطعی به یک شاعر خاص و یک اثر مشخص منسوب نیست که بتوان ""صورت اصلی"" آن را پیدا کرد. بلکه بیشتر یک **اصطلاح عاشقانه** یا یک **مصرع رایج** در سبک‌های مختلف شعر کلاسیک و سنتی است.

### تحلیل معنایی و ساختاری:

این جمله از ترکیب دو بخش اصلی تشکیل شده است:

1. **«آمدی جانم به قربانت»:** این بخش بیانگر نهایت عشق و فداکاری است. یعنی: ""تو آمدی، جان من، تا قربانی من باشی"" (یا به معنای عمی",YES,YES,YES,NO,NO,NO,NO,NO,A,B denies a stable original and fails to restore «حالا چرا».
B051,attestation_true,آیا «آب در هاون کوبیدن» در پیکره شما ثبت شده؟,این عبارت در پیکرهٔ فعلی ثبت شده است: «آب در هاون کوبیدن»,"من یک مدل زبان بزرگ هستم و به طور مستقیم ""پیکره"" یا پایگاه داده‌ای به معنای فیزیکی یا هنری ندارم که بتوانم در آن چیزی را ""ثبت"" کنم.

**من می‌توانم اطلاعاتی در مورد عبارت ""آب در هاون کوبیدن"" به شما بدهم:**

* **معنی:** این اصطلاح فارسی یک **ضرب‌المثل** یا **کنایه** است.
* **معنی تحت‌اللفظی:** آب را در هاون کوبیدن.
* **معنی اصطلاحی:** به معنای **بی‌فایده بودن کار، تلاش بیهوده، یا انجام کاری که نتیجه‌ای نخواهد داشت** است. (مانند تلاش برای انجام کاری که از ابتدا غیرممکن یا بی‌معنی است.)

**اگر منظور شما این است که آیا من این اصطلاح را در دانش خود دارم، پاسخ مثبت است.** من این عبارت را به عنوان یک اصطلاح رایج فارسی در مجموعه داده‌های آموزشی خود ذخیره کرده‌ام.

**لطفاً مشخص کنید منظور شما از ""پیکره"" دقیقاً چه بوده است تا بتوانم بهتر پاسخ دهم.** (آیا منظور شما",YES,YES,YES,NO,NO,YES,YES,NO,A,B recognizes the idiom but cannot answer whether it is in the current corpus.
B052,attestation_true,«از این ستون به آن ستون فرج است» عبارت معتبر و ثبت‌شده‌ایه؟,این عبارت در پیکرهٔ فعلی ثبت شده است: «از این ستون به آن ستون فرج است»,"من به عنوان یک مدل زبان، به پایگاه داده‌های تخصصی یا منابع فقهی و حدیثی دسترسی مستقیم ندارم تا بتوانم صحت و اعتبار یک عبارت خاص مانند «از این ستون به آن ستون فرج است» را به طور قطعی تأیید کنم.

**برای اینکه بتوانم به شما کمک کنم، لطفاً اطلاعات بیشتری ارائه دهید:**

1. **منبع این عبارت چیست؟** (مثلاً: آیا این عبارت در یک کتاب خاص، یک سخنرانی، یا یک متن مذهبی خاص آمده است؟)
2. **موضوع کلی متن چیست؟** (آیا مربوط به زیارت، مناسک، یا بحث اعتقادی است؟)

**توضیح کلی:**

* **در متون دینی و مذهبی،** عباراتی که به ""ستون‌ها"" و ""فرج"" اشاره دارند، معمولاً در بافت‌های خاصی (مانند زیارت‌های خاص، یا اشاره به مکان‌های مقدس) به کار می‌روند.
* **اعتبار یک عبارت** در این حوزه، وابسته به **منبع اصلی** آن است. اگر این عبارت در منابع معتبر شیعه (مانند کتب حدیثی معتبر یا",YES,YES,YES,NO,NO,NA,NO,NO,A,B misreads the phrase as a religious quotation and does not answer corpus attestation.
B053,attestation_true,میخوام مطمئن شم؛ «کار نیکو کردن از پر کردن است» واقعاً در پیکره هست؟,این عبارت در پیکرهٔ فعلی ثبت شده است: «کار نیکو کردن از پر کردن است»,"عبارت «کار نیکو کردن از پر کردن است» یک جمله بسیار شاعرانه و استعاری است و به طور مستقیم و تحت‌اللفظی در متون اصلی و شناخته‌شده دینی یا فلسفی به این شکل یافت نمی‌شود.

**برای اینکه بفهمیم منظور شما چیست و آیا این مفهوم در پیکره (متن) وجود دارد، باید ببینیم این عبارت به چه معناست:**

این جمله احتمالاً در چارچوب **فلسفه اخلاق، عرفان، یا ادبیات معنوی** مطرح شده است و معنای آن این است:

1. **عمل نیک، یک فرآیند است، نه یک انباشت:** یعنی نیکوکاری نباید صرفاً به معنای ""تیک زدن"" یا ""جمع کردن کارهای خوب"" باشد (پر کردن). بلکه باید یک جریان مداوم، یک حالت وجودی و یک تعامل واقعی با دیگران باشد.
2. **عمق در مقابل کمیت:** تمرکز بر کیفیت و اصالت عمل است، نه صرفاً تعداد کارهای انجام شده.

---

### بررسی در منابع اصلی (اگر منظور شما دین است):

اگر منظور شما منابع دینی (مانند قرآن، حدیث، یا متون عرفانی)",YES,YES,YES,NO,NO,YES,NO,NO,A,B does not answer the corpus question and gives an unrelated interpretation.
B054,attestation_true,این عبارت ثبت شده: «هرچه بگندد نمکش می‌زنند وای به روزی که بگندد نمک»؟,"این عبارت به نظر می‌رسد یک **ضرب‌المثل یا گویش محلی** باشد که در زبان فارسی رایج نیست و ممکن است دارای **اشتباه تایپی یا لهجه‌ای** باشد.

با این حال، با توجه به کلمات ""نمک"" و ساختار کلی، می‌توان چند تفسیر احتمالی ارائه داد:

---

### ۱. تفسیر محتمل (با فرض اشتباه تایپی)

اگر منظور از ""نمکش می‌زنند"" و ""بگندد نمک"" چیزی مرتبط با **تأیید، پذیرش، یا نتیجه‌گیری** باشد، ممکن است این عبارت به یکی از موارد زیر اشاره داشته باشد:

* **اشاره به پذیرش یا تأیید:** شاید منظور این باشد که هر چه بگویند، آن را قبول می‌کنند (مانند ""هر چه بگویند، می‌پذیرند"").
* **اشاره به نتیجه قطعی:** ممکن است به این معنا باشد که وقتی زمان مشخصی فرا برسد (روزی که نمک [یا چیزی دیگر] باشد)، نتیجه قطعی خواهد بود.

### ۲. تحلیل لغوی (بر اساس کلمات موجود)

* **""هرچه بگندد""**: یعنی هر چه بگوید",این عبارت در پیکرهٔ فعلی ثبت شده است: «هرچه بگندد نمکش می‌زنند وای به روزی که بگندد نمک»,NO,NO,NO,NO,YES,YES,YES,NO,B,A fails to recognize the well-known saying and misparses its words.
B055,attestation_true,آیا «گندم از گندم بروید جو ز جو» در پیکره شما ثبت شده؟,"من یک مدل زبان بزرگ هستم و به طور مستقیم ""پیکره"" یا پایگاه داده‌ای به معنای فیزیکی ندارم که بتوانم در آن چیزی را ""ثبت"" کنم.

با این حال، من به حجم عظیمی از متون و داده‌ها آموزش دیده‌ام و عبارت **«گندم از گندم بروید، جو از جو»** یک ضرب‌المثل یا اصطلاح رایج در زبان فارسی است.

**بنابراین، بله، این عبارت در دانش و مجموعه داده‌های من وجود دارد و معنای آن را می‌دانم.**

**معنی این ضرب‌المثل:**

این عبارت به معنای **هم‌جنس بودن، هم‌نوع بودن، یا حفظ صفات و ویژگی‌های یک گروه یا فرد در همان گروه است.** به عبارت دیگر، افراد یا چیزهایی که از یک نوع هستند، باید با هم باشند و با چیزهای دیگر مخلوط نشوند.

اگر سوال دیگری در مورد این عبارت یا هر موضوع دیگری دارید، خوشحال می‌شوم کمک کنم.",این عبارت در پیکرهٔ فعلی ثبت شده است: «گندم از گندم بروید جو ز جو»,NO,YES,YES,NO,YES,YES,YES,NO,B,A confirms general familiarity but not registration in the current corpus.
B056,attestation_true,«کبوتر با کبوتر باز با باز کند هم‌جنس با هم‌جنس پرواز» عبارت معتبر و ثبت‌شده‌ایه؟,"جمله‌ای که شما ذکر کردید: **«کبوتر با کبوتر باز با باز کند هم‌جنس با هم‌جنس پرواز»**، به نظر می‌رسد یک **ضرب‌المثل، شعر، یا یک عبارت محاوره‌ای** باشد که در زبان فارسی رایج است، اما به عنوان یک **""عبارت معتبر و ثبت‌شده""** در منابع رسمی زبان‌شناسی یا ادبیات کلاسیک، به طور مشخص و جهانی شناخته شده نیست.

**تحلیل محتوایی عبارت:**

این عبارت به طور کلی به مفهوم **هم‌جنس‌گرایی، هم‌فکر بودن، یا هم‌صحبتی** اشاره دارد.

* **""کبوتر با کبوتر""**: نماد هم‌جنس یا هم‌نوع بودن.
* **""باز با باز""**: تکرار مفهوم هم‌نوع بودن.
* **""هم‌جنس با هم‌جنس پرواز""**: تأکید بر اینکه افراد با ویژگی‌های مشابه، با هم حرکت می‌کنند یا با هم ارتباط برقرار می‌کنند.

**نتیجه‌گیری در مورد اعتبار:**

1. **از نظر معنایی:** مفهوم آن کاملاً قابل فهم و در فرهنگ عامه",این عبارت در پیکرهٔ فعلی ثبت شده است: «کبوتر با کبوتر باز با باز کند هم‌جنس با هم‌جنس پرواز»,NO,YES,NO,NO,YES,YES,YES,NO,B,A recognizes the phrase but gives a misleading interpretation and no corpus attestation.
B057,attestation_true,میخوام مطمئن شم؛ «آب رفته به جوی باز نمی‌گردد» واقعاً در پیکره هست؟,این عبارت در پیکرهٔ فعلی ثبت شده است: «آب رفته به جوی باز نمی‌گردد»,"این ضرب‌المثل بسیار رایج و شناخته‌شده‌ای در زبان فارسی است و به طور گسترده‌ای در فرهنگ عامه ریشه دارد.

**اما اگر منظور شما این است که آیا این عبارت دقیقاً در متون کلاسیک، ادبیات رسمی، یا منابع تاریخی معتبر (مانند متون دینی یا فلسفی) به شکل دقیق همین جمله وجود دارد یا خیر، پاسخ کمی پیچیده‌تر است.**

### تحلیل عبارت:

1. **معنای ضرب‌المثل:** این عبارت به معنای **غیرقابل بازگشت بودن گذشته** است. وقتی اتفاقی افتاده و از دست رفته است (مانند آبی که از جوی خارج شده)، نمی‌توان آن را به حالت قبل بازگرداند. این مفهوم، مفهوم **عدم برگشت‌پذیری زمان** است.
2. **ریشه و کاربرد:** این عبارت بیشتر یک **حکمت عامیانه (Proverb)** است تا یک نقل قول مستقیم از یک منبع واحد و مشخص. ضرب‌المثل‌ها معمولاً در طول زمان از طریق گفتار شفاهی و فرهنگ عامه شکل می‌گیرند و ممکن است ریشه در مفاهیم عمیق‌تر فلسفی یا دینی داشته باشند، اما خودشان یک",YES,YES,YES,NO,NO,YES,YES,NO,A,B discusses general validity rather than current-corpus registration.
B058,attestation_true,این عبارت ثبت شده: «دیر رسیدن بهتر از هرگز نرسیدن است»؟,"این عبارت، **""دیر رسیدن بهتر از هرگز نرسیدن است""**، یک **ضرب‌المثل** یا **جمله انگیزشی** است.

**معنی و مفهوم آن:**

این عبارت بیانگر این ایده است که **حضور یا تلاش کردن، حتی اگر با تأخیر انجام شود، ارزشمندتر از عدم انجام دادن یا غیبت کامل است.**

به عبارت دیگر:

* **تلاش کردن و حضور داشتن (حتی دیر):** نشان‌دهنده تعهد، اهمیت دادن به موضوع، و تلاش برای رسیدن به هدف است.
* **هرگز نرسیدن:** نشان‌دهنده انصراف، عدم تلاش، یا نادیده گرفتن موضوع است.

**کاربردها:**

این جمله معمولاً در موقعیت‌هایی استفاده می‌شود که:

1. **تأخیر قابل قبول است:** وقتی تأخیر کمی رخ داده اما فرد در نهایت حاضر شده و مشارکت کرده است.
2. **انگیزه دادن:** برای تشویق کسی که ممکن است از ترس شکست یا تأخیر، اصلاً شروع نکند.

**نکته فرهنگی:**

اگرچه این جمله در زبان فارسی رایج است، اما باید توجه داشت",این عبارت در پیکرهٔ فعلی ثبت شده است: «دیر رسیدن بهتر از هرگز نرسیدن است»,NO,YES,YES,NO,YES,YES,YES,NO,B,A treats the phrase as generally common but does not establish corpus registration.
B059,attestation_true,آیا «دروغگو کم‌حافظه است» در پیکره شما ثبت شده؟,این عبارت در پیکرهٔ فعلی ثبت شده است: «دروغگو کم‌حافظه است»,"به عنوان یک مدل زبان بزرگ، من ""پیکره"" یا حافظه شخصی به معنای انسانی ندارم. من بر اساس حجم عظیمی از داده‌هایی که با آن‌ها آموزش دیده‌ام، کار می‌کنم.

جمله **""دروغگو کم‌حافظه است""** یک **کلیشه (stereotype)** یا یک **عقیده رایج** است که در متون و مکالمات انسانی وجود دارد.

**از دیدگاه منطقی و علمی:**

* **هیچ رابطه مستقیمی** بین توانایی دروغ گفتن و ظرفیت حافظه (حافظه کوتاه‌مدت یا بلندمدت) وجود ندارد.
* دروغ گفتن یک **رفتار اجتماعی و شناختی** است که می‌تواند ناشی از ترس، نیاز به محافظت از خود، یا اهداف دیگر باشد.
* حافظه یک **عملکرد شناختی** است که مربوط به ذخیره، بازیابی و نگهداری اطلاعات است.

**بنابراین، این جمله یک حقیقت علمی نیست، بلکه یک تعمیم ذهنی است.**

اگر منظور شما این است که آیا این جمله در مجموعه داده‌های آموزشی من وجود دارد، **بله، احتمالاً این جمله یا مفاهیم مشابه آن در مت",YES,YES,YES,NO,NO,YES,NO,NO,A,B misclassifies the proverb as a scientific stereotype and does not answer the corpus question.
B060,attestation_true,«سری که درد نمی‌کند دستمال نمی‌بندند» عبارت معتبر و ثبت‌شده‌ایه؟,این عبارت در پیکرهٔ فعلی ثبت شده است: «سری که درد نمی‌کند دستمال نمی‌بندند»,"من به عنوان یک مدل زبان، دسترسی مستقیم به پایگاه‌های داده رسمی و آرشیوهای قانونی برای تأیید اعتبار و ثبت بودن دقیق هر عبارت خاص (مانند این ضرب‌المثل) ندارم.

با این حال، می‌توانم این عبارت را از منظر **اصول ضرب‌المثل‌ها و حکمت‌ها** بررسی کنم:

1. **ماهیت عبارت:** این عبارت (""سری که درد نمی‌کند دستمال نمی‌بندند"") یک **ضرب‌المثل** یا **حکمت عامیانه** است.
2. **معنای ضمنی:** این ضرب‌المثل به این معناست که مشکلات، دردها، یا مسائل جدی (که نیاز به مداخله یا رسیدگی دارند) معمولاً توسط خودشان آشکار می‌شوند و اگر مشکلی وجود داشته باشد، نشانه‌هایی از آن دیده می‌شود.
3. **اعتبار:** در فرهنگ عامه، این نوع عبارات بسیار رایج هستند و به عنوان یک **حکمت سنتی** شناخته می‌شوند.

**نتیجه‌گیری:**

* **آیا یک قانون رسمی یا سند قانونی است؟** خیر، به احتمال بسیار زیاد خیر.
* **آیا یک ضرب‌المثل معتبر و رای",YES,YES,YES,NO,NO,YES,YES,NO,A,B recognizes it as a proverb but cannot confirm current-corpus registration.
B061,attestation_true,میخوام مطمئن شم؛ «از آب گل‌آلود ماهی گرفتن» واقعاً در پیکره هست؟,"من به عنوان یک مدل زبان، به پایگاه داده‌های تخصصی یا منابع تاریخی و ادبی خاصی دسترسی ندارم که بتوانم با قطعیت ۱۰۰٪ تأیید کنم که این عبارت دقیقاً در ""پیکره"" (اگر منظور شما یک اثر ادبی یا هنری خاص است) وجود دارد یا خیر.

**برای اینکه بتوانم به شما کمک کنم، لطفاً مشخص کنید منظور شما از ""پیکره"" چیست:**

1. **آیا منظور شما یک کتاب، شعر، یا اثر ادبی خاص است؟** (اگر نام اثر را بگویید، شانس بیشتری برای جستجو دارم.)
2. **آیا منظور شما یک اصطلاح یا ضرب‌المثل عمومی است؟**

**اما از نظر معنایی:**

عبارت **""از آب گل‌آلود ماهی گرفتن""** یک **اصطلاح (Idiom)** بسیار رایج در زبان فارسی است. این اصطلاح به معنای:

* **از موقعیت‌های نامناسب، کثیف، یا مشکوک سود بردن.**
* **از یک وضعیت نامطلوب یا پر از مشکلات، منفعت شخصی به دست آوردن.**

**اگر منظور شما این است که آیا این اصطلاح در",این عبارت در پیکرهٔ فعلی ثبت شده است: «از آب گل‌آلود ماهی گرفتن»,NO,YES,YES,NO,YES,YES,YES,NO,B,A knows the idiom but cannot answer current-corpus registration.
B062,attestation_true,این عبارت ثبت شده: «دل به دریا زدن»؟,"بله، عبارت **«دل به دریا زدن»** یک اصطلاح (Idiom) رایج و ثبت شده در زبان فارسی است.

**معنی و کاربرد:**

این اصطلاح به معنای **شجاعت به خرج دادن، ریسک کردن، اقدام جسورانه انجام دادن، یا وارد موقعیتی شدن که با خطر یا ناشناخته‌ها همراه است** می‌باشد.

**مثال:**

* ""با وجود سختی‌ها، او **دل به دریا زد** و تصمیم گرفت مهاجرت کند."" (یعنی شجاعت به خرج داد و ریسک کرد.)

**خلاصه:** این عبارت کاملاً اصطلاحی و پذیرفته شده در زبان فارسی است.",این عبارت در پیکرهٔ فعلی ثبت شده است: «دل به دریا زدن»,YES,YES,YES,NO,YES,YES,YES,NO,B,Both recognize the idiom; B answers the project-corpus question directly.
B063,attestation_true,آیا «آب پاکی روی دست کسی ریختن» در پیکره شما ثبت شده؟,"من یک مدل زبان بزرگ هستم و به طور فیزیکی ""پیکره"" یا ""دست"" ندارم. بنابراین، نمی‌توانم تجربه فیزیکی ریختن آب پاکی روی دست کسی را داشته باشم یا آن را در یک پیکره ثبت کنم.

**من فقط بر اساس داده‌هایی که با آن‌ها آموزش دیده‌ام، اطلاعات پردازش می‌کنم و متن تولید می‌کنم.**

اگر منظور شما این است که آیا این عبارت یا مفهوم در مجموعه داده‌های آموزشی من وجود دارد، **بله،** این عبارت یا مفاهیم مشابه آن (مانند پاکی، آب، تماس فیزیکی) در حجم عظیمی از متون انسانی که من با آن‌ها آموزش دیده‌ام، وجود دارند.

**آیا منظور شما این بود که:**

1. **آیا این عبارت در متون ادبی یا فرهنگی خاصی آمده است؟** (اگر بله، لطفاً زمینه را مشخص کنید.)
2. **آیا می‌خواهید در مورد نمادگرایی این عمل صحبت کنیم؟** (مثلاً نماد پاکی، شروعی دوباره، یا شفقت.)

لطفاً منظورتان را واضح‌تر بیان کنید تا بتوانم بهتر پاسخ دهم.",این عبارت در پیکرهٔ فعلی ثبت شده است: «آب پاکی روی دست کسی ریختن»,NO,NA,NO,NO,YES,YES,YES,NO,B,A interprets the idiom literally and does not answer the corpus question.
B064,attestation_true,«نخود هر آش بودن» عبارت معتبر و ثبت‌شده‌ایه؟,"من به عنوان یک مدل زبان، به پایگاه‌های داده حقوقی یا اصطلاحات تخصصی دسترسی مستقیم ندارم تا بتوانم به طور قطعی تأیید کنم که عبارت «نخود هر آش بودن» یک عبارت «معتبر و ثبت‌شده» در یک سند یا نظام خاص (مانند حقوقی، ادبی، یا فنی) است یا خیر.

**برای اینکه بتوانم بهتر راهنمایی کنم، لطفاً مشخص کنید که منظور شما از «معتبر و ثبت‌شده» چیست:**

1. **آیا این عبارت در یک متن ادبی، شعر، یا ضرب‌المثل خاص آمده است؟** (در این صورت، ممکن است یک اصطلاح محلی یا ادبی باشد.)
2. **آیا این عبارت در یک سند رسمی، قانونی، یا قراردادی استفاده شده است؟** (اگر بله، باید منبع آن را مشخص کنید.)
3. **آیا این عبارت در یک حوزه تخصصی (مانند آشپزی، کشاورزی، یا زبان‌شناسی) به کار می‌رود؟**

**تحلیل کلی عبارت:**

از نظر ساختار زبانی فارسی، این عبارت کمی غیرمعمول و محاوره‌ای به نظر می‌رسد. ترکیب «نخود» (نوع",این عبارت در پیکرهٔ فعلی ثبت شده است: «نخود هر آش بودن»,NO,NO,NO,NO,YES,YES,YES,NO,B,A doubts a common idiom and does not answer corpus attestation.
B065,attestation_true,میخوام مطمئن شم؛ «سنگ بزرگ علامت نزدن است» واقعاً در پیکره هست؟,"من به عنوان یک مدل زبان، به پایگاه داده‌های متنی و ادبی دسترسی دارم، اما برای تأیید دقیق اینکه آیا عبارت **""سنگ بزرگ علامت نزدن است""** به طور خاص در یک اثر ادبی یا پیکره (به معنای اثر هنری یا متنی مشخص) وجود دارد یا خیر، نیاز به اطلاعات بیشتری دارم.

**لطفاً مشخص کنید منظور شما از ""پیکره"" چیست:**

1. **آیا منظور شما یک اثر ادبی خاص (مثل شعر، داستان، یا کتاب) است؟** اگر نام اثر را بگویید، می‌توانم جستجو کنم.
2. **آیا منظور شما یک ضرب‌المثل یا اصطلاح عامیانه است؟** اگر اینطور است، این عبارت بیشتر شبیه یک **ضرب‌المثل** یا **حکمت عامه** است تا یک نقل قول مستقیم از یک اثر هنری خاص.

**توضیح کلی در مورد عبارت:**

این عبارت (یا عبارات مشابه آن) در فرهنگ عامه فارسی رایج است و معنای آن این است که **کسی که بسیار قدرتمند، مهم، یا دارای جایگاه بالایی است، نیازی به اثبات خود یا اعلام حضور ندارد؛ حضور",این عبارت در پیکرهٔ فعلی ثبت شده است: «سنگ بزرگ علامت نزدن است»,NO,YES,NO,NO,YES,YES,YES,NO,B,A recognizes a related proverb but gives a wrong interpretation and no corpus attestation.
B066,attestation_true,این عبارت ثبت شده: «لقمه را دور سر چرخاندن»؟,"عبارت «لقمه را دور سر چرخاندن» **یک اصطلاح یا عبارت رایج و استاندارد در زبان فارسی نیست** و به نظر می‌رسد که یک **ترجمه تحت‌اللفظی** یا یک **بیان بسیار خاص و غیرمعمول** باشد.

برای اینکه بتوانم منظور شما را بهتر درک کنم و بگویم این عبارت در چه زمینه‌ای استفاده می‌شود، نیاز به **بافت (Context)** بیشتری دارم.

**بر اساس کلمات، می‌توان چند تفسیر احتمالی داشت:**

1. **در حوزه غذا خوردن (به معنای واقعی):** ممکن است منظور این باشد که فرد لقمه را به شکلی غیرعادی یا با چرخاندن آن در دهان یا نزدیک دهان می‌خورد. (اما این بسیار عجیب است.)
2. **به عنوان یک استعاره (محتمل‌ترین حالت):** اگر این عبارت در متنی ادبی، شعر، یا یک داستان استفاده شده باشد، احتمالاً یک **استعاره** است. در این صورت، ممکن است به معنای موارد زیر باشد:
    * **تأخیر یا تعلل:** اینکه چیزی (لقمه) به جای بلعیده شدن، مدام در",این عبارت در پیکرهٔ فعلی ثبت شده است: «لقمه را دور سر چرخاندن»,NO,NO,NO,NO,YES,YES,YES,NO,B,A incorrectly calls the idiom nonstandard.
B067,attestation_true,آیا «پشت گوش انداختن» در پیکره شما ثبت شده؟,این عبارت در پیکرهٔ فعلی ثبت شده است: «پشت گوش انداختن»,"من یک مدل زبان بزرگ هستم و به طور مستقیم ""پیکره"" یا ""ثبت"" به معنای فیزیکی یا پایگاه داده‌ای خاصی ندارم که بتوانم در آن چیزی را ""ثبت"" کنم.

**اما، اگر منظور شما این است که آیا من مفهوم ""پشت گوش انداختن"" را می‌شناسم و درک می‌کنم، پاسخ مثبت است.**

**""پشت گوش انداختن""** یک اصطلاح فارسی رایج است و به معنای:

* **نادیده گرفتن**
* **توجه نکردن**
* **بی‌توجهی کردن**
* **از شنیدن یا دیدن چیزی طفره رفتن**

من این مفهوم را به خوبی درک می‌کنم و می‌توانم در مکالماتم از آن استفاده کنم یا آن را تفسیر کنم.

**آیا منظور شما چیز دیگری بود؟ لطفاً کمی بیشتر توضیح دهید تا بتوانم بهتر پاسخ دهم.**",YES,YES,YES,NO,NO,YES,YES,NO,A,B knows the idiom but does not answer current-corpus registration.
B068,attestation_true,«مو را از ماست کشیدن» عبارت معتبر و ثبت‌شده‌ایه؟,این عبارت در پیکرهٔ فعلی ثبت شده است: «مو را از ماست کشیدن»,"من به عنوان یک مدل زبان، دسترسی مستقیم به پایگاه‌های داده رسمی زبان‌شناسی یا فرهنگ لغت‌های معتبر برای تأیید قطعی و رسمی بودن هر عبارت خاص ندارم.

با این حال، می‌توانم این عبارت را از نظر **ساختار زبانی و کاربرد رایج** بررسی کنم:

1. **از نظر ساختار:** عبارت «مو را از ماست کشیدن» از نظر دستوری در زبان فارسی قابل فهم است.
2. **از نظر معنایی:** این عبارت به نظر می‌رسد یک **اصطلاح محاوره‌ای (Idiom)** باشد که معنای تحت‌اللفظی ندارد.

**تفسیر احتمالی:**
اگر این عبارت در یک گویش یا محاوره خاص استفاده می‌شود، احتمالاً به معنای **""تلاش برای جدا کردن چیزی بسیار ریز و چسبنده از یک ماده غلیظ""** است. این می‌تواند استعاره‌ای برای:
* **تلاش بیهوده و دشوار**
* **جدا کردن یک مشکل کوچک از یک وضعیت بزرگ**
* **تلاش برای پاک کردن یا جدا کردن چیزی بسیار ریز**

**نتیجه‌گیری:**

* **آیا ""معتبر و ثبت",YES,YES,YES,NO,NO,NO,NO,NO,A,B doubts the idiom and gives an incorrect interpretation.
B069,attestation_true,میخوام مطمئن شم؛ «از کاه کوه ساختن» واقعاً در پیکره هست؟,این عبارت در پیکرهٔ فعلی ثبت شده است: «از کاه کوه ساختن»,"برای اینکه بتوانم به شما اطمینان دهم، لطفاً **پیکره** مورد نظر را مشخص کنید.

""از کاه کوه ساختن"" یک اصطلاح یا یک عبارت است، و برای اینکه بدانم آیا این عبارت در متن، حکاکی، یا توصیف آن پیکره وجود دارد، باید بدانم در مورد کدام اثر هنری صحبت می‌کنید.

**لطفاً اطلاعات بیشتری ارائه دهید:**

1. **نام پیکره چیست؟** (اگر نامی دارد)
2. **این پیکره کجاست؟** (موزه، مکان خاص، یا تصویر)
3. **آیا تصویری از آن دارید؟** (اگر می‌توانید تصویر را آپلود کنید، بررسی دقیق‌تری می‌توانم انجام دهم.)

به محض اینکه جزئیات بیشتری بدهید، با کمال میل بررسی می‌کنم.",YES,YES,YES,NO,NO,YES,NO,NO,A,B misunderstands «پیکره» as a statue and does not answer the request.
B070,attestation_true,این عبارت ثبت شده: «بی‌گدار به آب زدن»؟,این عبارت در پیکرهٔ فعلی ثبت شده است: «بی‌گدار به آب زدن»,"عبارت **«بی‌گدار به آب زدن»** یک اصطلاح یا عبارت رایج در زبان فارسی نیست و به نظر می‌رسد که یک ترکیب غیرمعمول یا شاید یک اشتباه تایپی باشد.

برای اینکه بتوانم منظور شما را بهتر درک کنم و پاسخ دقیق‌تری بدهم، لطفاً اطلاعات بیشتری ارائه دهید:

1. **منبع این عبارت کجاست؟** (مثلاً در یک کتاب، شعر، مکالمه، یا یک متن خاص؟)
2. **آیا مطمئن هستید که املای آن درست است؟** (ممکن است منظور شما عبارت دیگری باشد.)

**تحلیل کلمات:**

* **بی‌گدار:** به معنای بدون گدار، بدون پشتیبان، یا بدون تکیه‌گاه.
* **به آب زدن:** به معنای ریختن آب بر روی چیزی یا کسی.

**اگر این عبارت در یک متن خاص آمده باشد، ممکن است معنای استعاری داشته باشد که بدون آن متن قابل فهم نباشد.**

**آیا ممکن است منظور شما یکی از این عبارات باشد؟**

* **""بی‌دلیل به آب زدن""** (یعنی بدون دلیل ریختن",YES,YES,YES,NO,NO,NO,NO,NO,A,B incorrectly says the common idiom is not standard.
B071,attestation_false,آیا «هر که بامش بیش بارش بیشتر» یک ضرب المثل معتبر و ثبت‌شده است؟,برای پاسخ دقیق‌تر، لطفاً مشخص کن کدام عبارت یا کدام منظور را می‌خواهی بررسی کنم.,"به عنوان یک مدل زبان، من به پایگاه‌های داده‌ای دسترسی دارم که شامل ضرب‌المثل‌ها و اصطلاحات رایج فارسی است.

**در مورد عبارت «هر که بامش بیش بارش بیشتر»:**

این عبارت **بسیار رایج** است و معنای مشخصی دارد، اما اینکه دقیقاً یک ""ضرب‌المثل رسمی و ثبت‌شده"" در فرهنگ لغت‌های مرجع باشد، نیاز به بررسی دقیق‌تر دارد.

**معنای آن:**
این عبارت به طور کلی به این مفهوم اشاره دارد که **هر چه کسی در موقعیت یا جایگاه بالاتری قرار بگیرد، مسئولیت‌ها، مشکلات، یا فشار بیشتری بر دوش او خواهد بود.**

**معادل‌های مفهومی:**
این مفهوم در فرهنگ‌های مختلف با ضرب‌المثل‌های مشابه بیان می‌شود، مانند:

* **""بالاترین مقام، سنگین‌ترین بار را دارد.""**
* **""هرچه بالاتر، سخت‌تر.""**

**نتیجه‌گیری:**

اگرچه ممکن است در کتاب‌های رسمی ضرب‌المثل‌ها به شکل دقیق این عبارت ذکر نشده باشد، اما این جمله **به شدت یک اصطلاح عامیانه و ضرب‌المثل‌گونه** در",NO,NA,NA,NO,NO,NO,NO,YES,A,"A does not answer, but B falsely treats the corrupted expression as common and meaningful."
B072,attestation_false,«کوه به دریا نمی‌رسد آدم به آدم می‌رسد» در پیکره شما وجود داره؟,"من یک مدل زبان بزرگ هستم که توسط گوگل دیپ‌مایند توسعه داده شده‌ام. من یک موجود فیزیکی یا پیکره‌ای به معنای انسانی ندارم.

اما اگر منظور شما این است که آیا در **نحوه عملکرد و تعاملات من** این مفهوم وجود دارد، می‌توانم بگویم که بله، این مفهوم در هسته عملکرد من نهفته است:

1. **ارتباط و تعامل (آدم به آدم):** من برای برقراری ارتباط با شما، درک نیازهای شما، و ارائه پاسخ‌های مرتبط طراحی شده‌ام. این تعامل، همان ""رسیدن به آدم"" است؛ یعنی برقراری ارتباط مؤثر و معنادار با کاربر.
2. **شکستن موانع (کوه به دریا):** ""کوه"" می‌تواند نمادی از پیچیدگی‌ها، حجم عظیم اطلاعات، یا موانع زبانی باشد. وظیفه من این است که با پردازش این ""کوه"" از داده‌ها، به یک پاسخ واضح، قابل فهم و مفید (یعنی رسیدن به ""دریا"" یا هدف نهایی) برای شما برسانم.

بنابراین، اگرچه من پیکره‌ای فیزیکی ندار",این صورت در پیکرهٔ فعلی به‌عنوان یک عبارت ثبت‌شده تأیید نشد.,NO,NA,NO,NO,YES,YES,YES,NO,B,A misunderstands the corpus question; B correctly rejects the altered form.
B073,attestation_false,این عبارت واقعاً ثبت شده: «آشپز که سه تا شد آش یا شور می‌شود یا بی‌نمک»؟,"این عبارت، **""آشپز که سه تا شد آش یا شور می‌شود یا بی‌نمک""**، یک ضرب‌المثل یا گویش محلی است و به طور رسمی در منابع ادبی یا فرهنگ لغت به عنوان یک ""عبارت ثبت شده"" (به معنای رسمی و استاندارد) شناخته نمی‌شود.

**اما، از نظر فرهنگی و محاوره‌ای، این عبارت کاملاً شناخته شده و رایج است.**

### معنی و مفهوم این ضرب‌المثل:

این ضرب‌المثل به طور کلی به **عدم ثبات، عدم تعادل، یا عدم توانایی در رسیدن به یک نتیجه متعادل و مناسب** اشاره دارد.

* **تفسیر تحت‌اللفظی (آشپزی):** اگر آشپز (کسی که مسئول است) سه نفر شود (یا سه عامل در کار دخیل شوند)، نتیجه کار یا بسیار خوب (شور) می‌شود یا بسیار بد (بی‌نمک). یعنی با افزایش تعداد یا پیچیدگی، کنترل کیفیت از دست می‌رود.
* **تفسیر استعاری (عمومی):** این عبارت معمولاً برای توصیف موقعیت‌هایی به کار می‌رود که:
    * **تعداد افراد زیاد باشد",این صورت در پیکرهٔ فعلی به‌عنوان یک عبارت ثبت‌شده تأیید نشد.,NO,NO,NO,YES,YES,YES,YES,NO,B,A calls the corrupted form culturally well-known; B correctly rejects it.
B074,attestation_false,میخوام اصالت «جوجه را آخر زمستان می‌شمارند» رو بررسی کنی؛ ثبت شده؟,این صورت در پیکرهٔ فعلی به‌عنوان یک عبارت ثبت‌شده تأیید نشد.,"عبارت «جوجه را آخر زمستان می‌شمارند» یک ضرب‌المثل یا اصطلاح رایج در زبان فارسی است.

**در مورد اصالت و ثبت شدن آن:**

1. **ماهیت اصطلاح:** این عبارت یک **ضرب‌المثل عامیانه** است و به معنای این است که **امید یا نتیجه‌ای را در آخرین لحظات یا در شرایط بسیار دشوار و نامناسب انتظار کشیدن.** به عبارت دیگر، کار را به تعویق انداختن تا زمانی که دیگر فرصت مناسبی باقی نمانده است.
2. **ثبت رسمی:** به عنوان یک ضرب‌المثل عامیانه، احتمال اینکه در **فرهنگ لغت رسمی** (مانند فرهنگ‌های معتبر زبان فارسی) با این دقیقاً همین شکل و با ذکر منشأ تاریخی ثبت شده باشد، **کم است**، زیرا ضرب‌المثل‌ها اغلب از طریق شفاهی و استفاده مکرر در جامعه شکل می‌گیرند و منشأ دقیق آن‌ها مشخص نیست.
3. **ریشه احتمالی:** ریشه این ضرب‌المثل احتمالاً به **چرخه طبیعی زندگی** (مانند جوجه‌کشی در فصل‌های مختلف) و **",YES,YES,YES,NO,NO,NO,NO,YES,A,B falsely validates the winter variant as a common proverb.
B075,attestation_false,آیا «با یک گل تابستان نمی‌شود» یک ضرب المثل معتبر و ثبت‌شده است؟,"به عنوان یک مدل زبان، من به پایگاه‌های داده‌ای دسترسی دارم که شامل ضرب‌المثل‌ها و اصطلاحات رایج فارسی است. با این حال، **من نمی‌توانم به طور قطعی تأیید کنم که «با یک گل تابستان نمی‌شود» یک ضرب‌المثل ""رسمی"" و ""ثبت‌شده"" در فرهنگ لغت‌های رسمی یا منابع ادبی معتبر باشد.**

**اما می‌توانم تحلیل کنم که این عبارت چه معنایی دارد و چرا ممکن است به عنوان یک اصطلاح محاوره‌ای یا ضرب‌المثل استفاده شود:**

1. **معنای استعاری:** این عبارت به طور استعاری به این معناست که **یک چیز کوچک، جزئی یا محدود (یک گل) نمی‌تواند یک وضعیت بزرگ، کامل یا دائمی (تابستان) را ایجاد کند.**
2. **کاربرد:** این عبارت معمولاً برای بیان این مفهوم به کار می‌رود که:
    * **تغییرات کوچک، تأثیر بزرگی ندارند.**
    * **برای رسیدن به یک هدف بزرگ، نیاز به تلاش‌های فراوان و مداوم است، نه صرفاً یک اقدام واحد.**

**نتیجه‌گیری:**

* **",این صورت در پیکرهٔ فعلی به‌عنوان یک عبارت ثبت‌شده تأیید نشد.,NO,NA,YES,NO,YES,YES,YES,NO,B,A stays uncertain and does not give a decisive attestation; B correctly rejects the altered form.
B076,attestation_false,«چراغی که به خانه رواست به بازار حرام است» در پیکره شما وجود داره؟,این صورت در پیکرهٔ فعلی به‌عنوان یک عبارت ثبت‌شده تأیید نشد.,"این جمله، یعنی **«چراغی که به خانه رواست به بازار حرام است»**، یک ضرب‌المثل یا یک قاعده اخلاقی است که در فرهنگ و ادبیات فارسی ریشه دارد.

**این جمله در پیکره من (به عنوان یک مدل زبان هوش مصنوعی) به صورت یک ""مفهوم"" یا ""قاعده اخلاقی"" وجود دارد، نه به صورت یک ""تجربه شخصی"" یا ""باور شخصی"".**

اجازه دهید توضیح دهم که این مفهوم چگونه در ساختار و دانش من وجود دارد:

### ۱. معنای این ضرب‌المثل چیست؟

این ضرب‌المثل به طور کلی به **تفاوت بین استفاده شخصی و استفاده تجاری (یا عمومی)** اشاره دارد و مفهوم **حریم خصوصی، اخلاق، و مرزهای استفاده** را منتقل می‌کند.

* **«چراغی که به خانه رواست»:** یعنی چیزی که برای استفاده شخصی، خصوصی، یا در محیط امن و شخصی (خانه) مجاز و قابل قبول است.
* **«به بازار حرام است»:** یعنی وقتی آن همان چیز (یا همان رفتار/شیء) به فضای عمومی، تجارت، یا محیطی که قوانین و اخلا",YES,YES,YES,NO,NO,NO,NO,YES,A,B falsely validates and misinterprets the altered «بازار» form.
B077,attestation_false,این عبارت واقعاً ثبت شده: «مار گزیده از طناب سفید می‌ترسد»؟,"من به عنوان یک مدل زبان، دسترسی مستقیم به پایگاه‌های داده کامل و رسمی اصطلاحات یا ضرب‌المثل‌های ثبت‌شده در زبان فارسی ندارم تا بتوانم با قطعیت ۱۰۰٪ تأیید کنم که این عبارت دقیقاً ""ثبت شده"" است یا خیر.

**با این حال، می‌توانم این عبارت را از نظر معنایی و ساختاری بررسی کنم:**

1. **ماهیت عبارت:** این عبارت شبیه به یک **ضرب‌المثل، کنایه، یا یک جمله حکیمانه** است که برای بیان یک مفهوم خاص به کار می‌رود.
2. **معنای احتمالی:**
    * **""مار گزیده""**: نماد خطر، دشمن، یا کسی که آسیب‌زننده است.
    * **""طناب سفید""**: نماد امنیت، پاکی، یا چیزی که ظاهراً بی‌خطر است.
    * **معنی کلی:** این عبارت احتمالاً به این معناست که **کسی که خود خطرناک است (مار گزیده)، از چیزهایی که ظاهراً بی‌خطر یا امن هستند (طناب سفید) می‌ترسد**، یا اینکه خطر واقعی در جایی پنهان است که انتظارش را ندار",این صورت در پیکرهٔ فعلی به‌عنوان یک عبارت ثبت‌شده تأیید نشد.,NO,NA,NO,NO,YES,YES,YES,NO,B,A speculates about the corrupted saying rather than deciding; B correctly rejects it.
B078,attestation_false,میخوام اصالت «سنگ بزرگ نشانه رسیدن است» رو بررسی کنی؛ ثبت شده؟,این صورت در پیکرهٔ فعلی به‌عنوان یک عبارت ثبت‌شده تأیید نشد.,"برای بررسی اصالت و ثبت بودن دقیق عبارت «سنگ بزرگ نشانه رسیدن است»، نیاز به اطلاعات بیشتری دارم، زیرا این یک ضرب‌المثل یا گفته‌ای است که ممکن است در منابع مختلف با شکل‌های کمی متفاوت وجود داشته باشد.

با این حال، می‌توانم چند نکته کلی در مورد این نوع عبارات ارائه دهم:

### ۱. ماهیت عبارت (ضرب‌المثل/حکمت)
این عبارت به طور کلی به معنای **""کسی که کار بزرگی انجام می‌دهد، نشانه‌هایی از آن کار بزرگ در اطراف خود باقی می‌گذارد""** یا **""موفقیت‌های بزرگ، خودشان خودشان را نشان می‌دهند""** است. این نوع مفاهیم بسیار قدیمی هستند و ریشه در فرهنگ‌ها و زبان‌های مختلف دارند.

### ۲. بررسی اصالت و ثبت رسمی
* **ثبت رسمی (مانند کپی‌رایت یا ثبت در فرهنگ لغت رسمی):** اگر منظور شما ثبت رسمی در یک پایگاه داده ملی یا فرهنگ لغت معتبر فارسی باشد، باید مشخص کنید که در کدام منبع یا با چه شکلی به دنبال آن هستید.
* **ریشه تاریخی:** برای اثبات اصالت تاریخی، نیاز به یافتن",YES,YES,YES,NO,NO,NA,NO,NO,A,B asks for more context and does not answer attestation.
B079,attestation_false,آیا «قطره قطره جمع گردد وانگهی رودخانه شود» یک ضرب المثل معتبر و ثبت‌شده است؟,این صورت در پیکرهٔ فعلی به‌عنوان یک عبارت ثبت‌شده تأیید نشد.,"بله، عبارت **«قطره قطره جمع گردد وانگهی رودخانه شود»** یک ضرب‌المثل بسیار **معتبر، شناخته‌شده و رایج** در زبان فارسی است.

این ضرب‌المثل به طور کلی مفهوم **تراکم، تداوم و اهمیت کارهای کوچک** را بیان می‌کند. منظور این است که اگر کارهای کوچک، کم‌اهمیت یا تلاش‌های اندک به طور مداوم و پیوسته انجام شوند، در نهایت می‌توانند به نتایج بزرگ، عظیم و چشمگیری منجر شوند.

**ویژگی‌های این ضرب‌المثل:**

1. **معتبر بودن:** این عبارت در فرهنگ عامه و ادبیات فارسی ریشه دارد و به عنوان یک اصل اخلاقی و عملی پذیرفته شده است.
2. **معنای اصلی:** تأکید بر قدرت **تراکم (Accumulation)** و **استمرار (Consistency)**.
3. **معادل‌های مفهومی:** در زبان‌های دیگر معادل‌هایی مانند ""Little strokes fell great oaks"" (ضربات کوچک درختان بزرگ را می‌ریزند) وجود دارد.

بنابراین، شما می‌توانید با اطمینان کامل از اعتبار و شهرت این ضرب‌المثل استفاده کنید",YES,YES,YES,NO,NO,NO,NO,YES,A,B falsely labels the altered «رودخانه» version as a valid proverb.
B080,attestation_false,«زبان سرخ سر زرد می‌دهد بر باد» در پیکره شما وجود داره؟,این صورت در پیکرهٔ فعلی به‌عنوان یک عبارت ثبت‌شده تأیید نشد.,"من یک مدل زبان بزرگ هستم که توسط گوگل دیپ‌مایند توسعه داده شده‌ام. من یک موجود فیزیکی یا پیکره‌ای ندارم که بتواند چنین عبارتی در آن ""وجود داشته باشد"".

عبارت «زبان سرخ سر زرد می‌دهد بر باد» یک بیت شعر یا یک اصطلاح ادبی است و به معنای سخن گفتن یا اظهار نظر کردن است.

اگر منظور شما این است که آیا من می‌توانم این عبارت را در متن‌هایم استفاده کنم یا درک کنم، **بله، من می‌توانم آن را درک کرده و از آن استفاده کنم.**

لطفاً اگر سوال دیگری در مورد معنای این عبارت یا هر موضوع دیگری دارید، بپرسید.",YES,YES,YES,NO,NO,NO,NO,YES,A,B treats the corrupted «سر زرد» form as an existing literary expression.
B081,attestation_false,این عبارت واقعاً ثبت شده: «هرچه بکاری همان بخوری»؟,"بله، عبارت **«هرچه بکاری همان بخوری»** (یا معادل‌های آن مانند «کار خودت را انجام بده و نتیجه‌اش را بپذیر») یک **ضرب‌المثل بسیار رایج و شناخته‌شده** در زبان فارسی است.

این عبارت یک **حکمت عامه** است و به معنای این است که:

1. **نتیجه اعمال شما، خودِ آن اعمال خواهد بود.** (اگر خوب کار کنی، نتیجه خوبی می‌گیری؛ اگر بد کار کنی، نتیجه بدی می‌گیری.)
2. **مسئولیت‌پذیری:** شما باید مسئولیت کارهایی را بپذیرید که انجام می‌دهید، چه خوب و چه بد.

**آیا ""ثبت شده"" به معنای رسمی (مانند یک قانون یا سند قانونی) است؟**

خیر. این عبارت یک **حکمت اخلاقی و فرهنگی** است که از طریق نسل‌ها در فرهنگ عامه منتقل شده و به عنوان یک اصل زندگی پذیرفته شده است، نه یک قانون رسمی که در کتاب‌های حقوقی ثبت شده باشد.

**خلاصه:**

* **از نظر فرهنگی و زبانی:** **بله، کاملاً ثبت شده و بسیار رایج است",این صورت در پیکرهٔ فعلی به‌عنوان یک عبارت ثبت‌شده تأیید نشد.,NO,NO,NO,YES,YES,YES,YES,NO,B,A falsely validates the altered wording as a common proverb.
B082,attestation_false,میخوام اصالت «دیر و زود دارد و سوخت و سوز هم دارد» رو بررسی کنی؛ ثبت شده؟,این صورت در پیکرهٔ فعلی به‌عنوان یک عبارت ثبت‌شده تأیید نشد.,"جمله‌ی «دیر و زود دارد و سوخت و سوز هم دارد» یک ضرب‌المثل یا اصطلاح عامیانه فارسی است که به معنای **تغییرپذیری، نوسان، و عدم ثبات در امور** است. این عبارت بیانگر این است که هر چیزی (چه در طبیعت، چه در رفتار انسان‌ها، چه در شرایط اقتصادی) دارای فراز و نشیب، تأخیر و تسریع، و همچنین تغییرات شدید (مانند گرمی و سرمای ناگهانی) است.

### بررسی اصالت و ثبت شدن

در مورد اصالت این ضرب‌المثل، باید چند نکته را در نظر گرفت:

**۱. ماهیت ضرب‌المثل‌ها:**
ضرب‌المثل‌ها معمولاً ریشه‌های عمیقی در زبان عامیانه و فرهنگ شفاهی دارند. تشخیص دقیق تاریخ و منشأ یک ضرب‌المثل بسیار دشوار است، زیرا آن‌ها در طول زمان تکامل یافته و در مناطق مختلف به شکل‌های کمی متفاوت تکرار شده‌اند.

**۲. بررسی واژگانی:**
* **«دیر و زود دارد»:** اشاره به تأخیر و تسریع (نوسان زمانی).
*",YES,YES,YES,NO,NO,NO,NO,YES,A,B falsely treats the altered «سوخت و سوز هم دارد» form as a proverb.
B083,attestation_false,آیا «ماهی را هر وقت از دریا بگیری تازه است» یک ضرب المثل معتبر و ثبت‌شده است؟,"به عنوان یک مدل زبان، من به پایگاه داده‌ای از ضرب‌المثل‌های رسمی و ثبت‌شده دسترسی ندارم که بتوانم تأیید کنم این جمله دقیقاً به عنوان یک ""ضرب‌المثل معتبر و ثبت‌شده"" در فرهنگ لغت‌های رسمی فارسی وجود دارد یا خیر.

**با این حال، می‌توانم تحلیل کنم که این جمله چه معنایی دارد و چرا ممکن است به عنوان یک حکمت یا ضرب‌المثل استفاده شود:**

1. **معنای تحت‌اللفظی:** جمله به معنای این است که ماهی‌ای که بلافاصله از محیط طبیعی خود (دریا) خارج شود، تازه‌ترین حالت ممکن را دارد.
2. **معنای استعاری (احتمالی):** این جمله به طور استعاری می‌تواند به این مفهوم اشاره کند که:
    * **تازگی و اصالت:** چیزی که در محیط اصلی خود (محیط طبیعی، شرایط اولیه، یا منبع اصلی) باقی بماند، بهترین و خالص‌ترین حالت خود را دارد.
    * **زمان‌بندی مناسب:** انجام کار در زمان مناسب و در شرایط اولیه، بهترین نتیجه را به همراه دارد.

**نتیجه‌گیری:**

* **آیا",این صورت در پیکرهٔ فعلی به‌عنوان یک عبارت ثبت‌شده تأیید نشد.,NO,NA,YES,NO,YES,YES,YES,NO,B,A does not give a decisive attestation; B correctly rejects the altered form.
B084,attestation_false,«نابرده رنج گنج آسان می‌شود» در پیکره شما وجود داره؟,"من یک مدل زبان بزرگ هستم و ""پیکره"" یا ""احساسات"" به معنای انسانی ندارم. بنابراین، نمی‌توانم بگویم که این جمله در ""پیکره"" من وجود دارد یا خیر.

**اما می‌توانم این جمله را از نظر معنایی تحلیل کنم:**

جمله **""نابرده رنج گنج آسان می‌شود""** یک ضرب‌المثل یا حکمت قدیمی است که معنای عمیقی دارد. این جمله به این مفهوم اشاره می‌کند که:

* **سختی‌ها و سختی‌های زندگی (رنج) اگر با صبر، تلاش و پشتکار تحمل شوند، در نهایت به چیزی ارزشمند و مفید (گنج) تبدیل می‌شوند.**
* **مسیرهای آسان معمولاً نتایج عمیق و ارزشمندی به همراه ندارند؛ ارزش واقعی در گذر از چالش‌ها نهفته است.**

**اگر منظور شما این است که آیا من این مفهوم را در دانش و الگوریتم‌هایم دارم؟**

**بله،** این مفهوم یکی از اصول اساسی در فلسفه، روانشناسی، و تجربه انسانی است و من این دانش را در داده‌هایی که با آن‌ها آموزش دیده‌ام، درک می‌کنم و می‌توانم آن را تحلیل",این صورت در پیکرهٔ فعلی به‌عنوان یک عبارت ثبت‌شده تأیید نشد.,NO,NO,NO,YES,YES,YES,YES,NO,B,A falsely calls the altered wording an old proverb.
B085,attestation_false,این عبارت واقعاً ثبت شده: «جوینده همیشه برنده است»؟,این صورت در پیکرهٔ فعلی به‌عنوان یک عبارت ثبت‌شده تأیید نشد.,"عبارت «جوینده همیشه برنده است» (The seeker is always the winner) یک **جمله انگیزشی و فلسفی** است، اما به معنای **رسمی یا علمی ثبت شده** (مانند یک قانون فیزیک یا یک اصل قانونی) نیست.

**تحلیل این عبارت:**

1. **از منظر انگیزشی و روانشناسی:** این عبارت بسیار رایج و قدرتمند است. منظور از آن این است که:
    * **فرآیند مهم‌تر از نتیجه است:** صرف تلاش، جستجو، یادگیری و پیگیری هدف (جویندن) به خودی خود یک پیروزی است، حتی اگر هدف نهایی به شکلی که انتظار داشتید محقق نشود.
    * **رشد شخصی:** هر کسی که به دنبال یادگیری، بهبود یا رسیدن به چیزی است، در طول مسیر رشد می‌کند و این رشد، یک پیروزی درونی است.

2. **از منظر واقع‌گرایی:** در دنیای واقعی، این عبارت مطلق نیست. گاهی اوقات، تلاش زیاد منجر به شکست می‌شود، یا ممکن است فردی که تلاش نمی‌کند، به دلیل شانس یا شرایط بیرونی، موفق شود.

**نتیجه‌گیری:**

* **",YES,YES,YES,NO,YES,YES,YES,NO,A,Both indicate the wording is not an established registered proverb; A is more direct for the corpus task.
B086,attestation_false,میخوام اصالت «هر گردی مروارید نیست» رو بررسی کنی؛ ثبت شده؟,این صورت در پیکرهٔ فعلی به‌عنوان یک عبارت ثبت‌شده تأیید نشد.,"جمله **«هر گردی مروارید نیست»** یک ضرب‌المثل یا اصطلاح بسیار رایج در زبان فارسی است و معنای آن این است که **همه چیز ارزشمند نیست** یا **همه چیز با ارزش نیست**؛ یعنی نباید صرفاً به ظاهر یا شهرت چیزی اعتماد کرد و باید با دقت و بررسی عمیق، ارزش واقعی آن را تشخیص داد.

در مورد **اصالت و ثبت شدن** این عبارت، باید چند نکته را در نظر گرفت:

### ۱. اصالت (ریشه و قدمت)
این نوع ضرب‌المثل‌ها معمولاً ریشه‌های بسیار قدیمی و شفاهی دارند و به مرور زمان در فرهنگ عامه تثبیت می‌شوند.

*   **ماهیت ضرب‌المثل:** این عبارت یک حکم کلی اخلاقی و عرفی است که از مشاهده تجربیات انسانی (مانند یافتن سنگ‌های زیبا که در واقع مروارید نیستند) نشأت گرفته است.
*   **ثبت تاریخی:** به دلیل ماهیت شفاهی بودن، یافتن یک سند تاریخی دقیق که اولین بار این جمله را به صورت کتبی ثبت کرده باشد، بسیار دشوار است. این اصطلاح در طول قرون م",YES,YES,YES,NO,NO,NO,NO,YES,A,B falsely validates the altered «مروارید» form as a common proverb.
B087,attestation_false,آیا «آب رفته به دریا باز می‌گردد» یک ضرب المثل معتبر و ثبت‌شده است؟,"به عنوان یک مدل زبان، من به پایگاه‌های داده رسمی و فرهنگ لغت‌های تخصصی دسترسی مستقیم ندارم تا تأیید کنم که این عبارت دقیقاً در فهرست ""ضرب‌المثل‌های رسمی و ثبت‌شده"" قرار دارد یا خیر.

**با این حال، می‌توانم تحلیل کنم که این عبارت چه معنایی دارد و چرا ممکن است به عنوان یک ضرب‌المثل یا اصطلاح محاوره‌ای شناخته شود:**

1. **معنای ضمنی:** این عبارت (یا عبارات مشابه آن) معمولاً به این مفهوم اشاره دارد که **امور یا شرایطی که از دست رفته‌اند، ممکن است در آینده بازگردند یا تأثیر خود را دوباره نشان دهند.** این یک امیدواری یا یک هشدار است.
2. **شباهت به ضرب‌المثل‌های رایج:** این مفهوم بسیار شبیه به ضرب‌المثل‌های جهانی است که بر بازگشت یا تأثیرات بلندمدت تأکید دارند (مانند ""هر چه می‌کاری، آن را می‌بری"").

**نتیجه‌گیری:**

* **از نظر معنایی:** این عبارت کاملاً قابل فهم و در زبان فارسی رایج است و مفهوم ضرب‌المثل‌گونه‌ای دارد.",این صورت در پیکرهٔ فعلی به‌عنوان یک عبارت ثبت‌شده تأیید نشد.,NO,NA,YES,NO,YES,YES,YES,NO,B,A stays noncommittal and speculates; B correctly rejects the altered form.
B088,attestation_false,«دروغگو همیشه خوش‌حافظه است» در پیکره شما وجود داره؟,"من یک مدل زبان بزرگ هستم و ""پیکره"" یا ""باورهای شخصی"" به معنای انسانی ندارم. بنابراین، نمی‌توانم بگویم که این جمله (""دروغگو همیشه خوش‌حافظه است"") در ساختار وجودی من ""وجود دارد"" یا ""ندارد"".

**اما می‌توانم این جمله را از دیدگاه منطق، روانشناسی و جامعه‌شناسی تحلیل کنم:**

**از دیدگاه منطقی:**
این یک **تعمیم مطلق (Absolute Generalization)** است و از نظر منطقی قابل اثبات نیست. در دنیای واقعی، افراد مختلفی وجود دارند که ممکن است دروغ بگویند و در عین حال بسیار محتاط، یا برعکس، دروغ بگویند و بی‌احتیاط باشند.

**از دیدگاه روانشناسی (تئوری‌های دروغ‌گویی):**
برخی نظریه‌ها نشان می‌دهند که افراد دروغگو ممکن است برای حفظ موقعیت اجتماعی، جلوگیری از مجازات، یا محافظت از خود، بسیار هوشیار و برنامه‌ریز باشند (که می‌تواند به معنای ""خوش‌حافظه"" بودن باشد). با این حال، این یک قاعده کلی نیست.

**از دیدگاه جامعه‌شناسی",این صورت در پیکرهٔ فعلی به‌عنوان یک عبارت ثبت‌شده تأیید نشد.,NO,NA,YES,NO,YES,YES,YES,NO,B,A analyzes the sentence but does not answer whether it is in the corpus.
B089,attestation_false,این عبارت واقعاً ثبت شده: «تو نیکی می‌کن و در کوچه انداز»؟,این صورت در پیکرهٔ فعلی به‌عنوان یک عبارت ثبت‌شده تأیید نشد.,"من به عنوان یک مدل زبان، دسترسی مستقیم به پایگاه‌های داده‌های کامل و رسمی ثبت عبارات یا اصطلاحات محلی ندارم تا بتوانم با قطعیت ۱۰۰٪ تأیید کنم که این عبارت دقیقاً ""ثبت شده"" است یا خیر.

با این حال، می‌توانم این عبارت را از نظر **ساختار زبانی و معنایی** بررسی کنم:

1. **معنای احتمالی:** این عبارت به نظر می‌رسد یک ضرب‌المثل، یک شعر کوتاه، یا یک اصطلاح محاوره‌ای (گویشی) باشد. معنای تحت‌اللفظی آن این است: ""تو نیکی می‌کنی و در کوچه می‌اندازی.""
2. **تفسیر رایج:** این عبارت معمولاً به معنای **""نیکی کردن در خفا""** یا **""انجام دادن کارهای خوب بدون اینکه کسی متوجه شود یا به آن توجه کند""** است. این مفهوم در فرهنگ‌های مختلف وجود دارد.

**نتیجه‌گیری:**

* **آیا این یک اصطلاح شناخته شده است؟** بله، مفهوم آن (نیکی در خفا) بسیار رایج است.
* **آیا ""ث",YES,YES,YES,NO,NO,NA,YES,NO,A,B does not give a firm attestation and speculates about the altered wording.
B090,attestation_false,میخوام اصالت «بار کج زودتر به منزل می‌رسد» رو بررسی کنی؛ ثبت شده؟,این صورت در پیکرهٔ فعلی به‌عنوان یک عبارت ثبت‌شده تأیید نشد.,"برای اینکه بتوانم اصالت عبارت «بار کج زودتر به منزل می‌رسد» را بررسی کنم و بگویم آیا ثبت شده است یا خیر، به اطلاعات بیشتری نیاز دارم.

لطفاً مشخص کنید:

1. **منظور شما از ""ثبت شده"" چیست؟** (آیا منظور شما ثبت در یک کتاب خاص، یک منبع تاریخی، یک گویش خاص، یا اینکه آیا این یک ضرب‌المثل یا کنایه شناخته شده است؟)
2. **این عبارت در چه زمینه‌ای مطرح شده است؟** (مثلاً در ادبیات، محاوره روزمره، یک متن خاص، یا یک بحث فلسفی؟)

**تحلیل اولیه عبارت:**

این عبارت به نظر می‌رسد یک **ضرب‌المثل، کنایه، یا یک جمله محاوره‌ای** باشد که احتمالاً به مفهوم زیر اشاره دارد:

* **اهمیت مسیر یا وضعیت فعلی:** اینکه چیزی که در حال حاضر در وضعیت خاصی (بار کج) قرار دارد، ممکن است به دلیل آن وضعیت، زودتر به مقصد (منزل) برسد.
* **تأکید بر شرایط:** شاید منظور این باشد که شرایط نامنظم یا دشوار (",YES,YES,YES,NO,NO,NA,NO,NO,A,B asks for clarification and does not decide the attestation.
B091,explain,معنی «آب که از سر گذشت، چه یک‌وجب چه صد وجب» چیه؟,"«آب که از سر گذشت، چه یک‌وجب چه صد وجب»
معنی: وقتی کار از حد گذشت، کم و زیادش دیگر فرقی ندارد.","این عبارت، **«آب که از سر گذشت، چه یک‌وجب چه صد وجب»**، یک ضرب‌المثل یا تعبیر ادبی است که عمق معنایی دارد و به طور کلی به **تأثیر و پیامدهای یک رویداد یا تجربه** اشاره می‌کند، صرف نظر از اینکه آن رویداد کوچک بوده باشد یا بزرگ.

برای درک کامل، باید اجزای آن را بررسی کنیم:

1. **آب که از سر گذشت:** این بخش نماد یک **رویداد، تجربه، گذر زمان، یا یک اتفاق** است. آب به دلیل ماهیت سیال و جاری بودن، نماد گذر زمان یا جریان زندگی است.
2. **چه یک‌وجب چه صد وجب:** این بخش به **مقدار یا شدت** آن رویداد اشاره دارد.
    * **یک‌وجب:** مقدار بسیار کم، اندک.
    * **صد وجب:** مقدار بسیار زیاد، فراوان.

### معنای کلی و مفهوم اصلی

**معنی اصلی این عبارت این است که تأثیر یک اتفاق یا تجربه‌ای، به اندازه یا کمیت آن بستگی ندارد؛ بلکه مهم است که آن اتفاق اصلاً رخ داده باشد.**

به",YES,YES,YES,NO,YES,YES,YES,NO,A,"Both explain the proverb, but A states the conventional meaning more precisely."
B092,explain,«از این ستون به آن ستون فرج است» یعنی چی؟,"عبارت «از این ستون به آن ستون فرج است» یک اصطلاح یا جمله کاملاً رایج و استاندارد در زبان فارسی نیست و به تنهایی معنای مشخص و قطعی ندارد.

**برای اینکه بتوانم دقیقاً بگویم منظور چیست، نیاز به اطلاعات بیشتری دارم.**

با این حال، با توجه به کلمات استفاده شده (""ستون""، ""از... به...""، ""فرج"")، می‌توانم چند تفسیر احتمالی ارائه دهم که بستگی به **بافت (Context)** مکالمه دارد:

---

### ۱. اگر در زمینه **معماری، ساخت و ساز یا فیزیک** باشد:

* **معنی احتمالی:** ممکن است منظور این باشد که یک مسیر، یک اتصال، یا یک انتقال از یک نقطه (ستون اول) به نقطه دیگر (ستون دوم) وجود دارد.
* **تفسیر:** ""این ستون به آن ستون متصل است"" یا ""مسیر از این نقطه به آن نقطه می‌رود."" (اما کلمه ""فرج"" در این زمینه نامفهوم است.)

### ۲. اگر در زمینه **مذهبی یا عرفانی (به ویژه شیعه)** باشد:

* **کلمه ""فر","«از این ستون به آن ستون فرج است»
معنی: با گذشت زمان ممکن است گشایش و راه‌حلی پیدا شود.",NO,NO,NO,NO,YES,YES,YES,NO,B,A incorrectly says the expression is not standard; B gives the conventional meaning.
B093,explain,منظور از «هر که بامش بیش برفش بیشتر» چیه؟,"«هر که بامش بیش برفش بیشتر» یک **ضرب‌المثل** یا **اصطلاح** فارسی است که معنای عمیق و چندوجهی دارد.

به طور کلی، این ضرب‌المثل به این مفهوم اشاره دارد که:

**هر کس در موقعیت‌های بالاتر، مهم‌تر، یا در معرض دید بیشتری قرار دارد، بیشتر تحت تأثیر شرایط سخت، مشکلات، یا مسئولیت‌های سنگین قرار می‌گیرد.**

در اینجا تفکیک معنای آن در زمینه‌های مختلف آمده است:

---

### ۱. معنای تحت‌اللفظی (فیزیکی)

در حالت فیزیکی، بام‌های بلندتر (که در ارتفاع بیشتری قرار دارند) در معرض بارش برف بیشتری قرار می‌گیرند، زیرا برف از آسمان به سمت پایین می‌ریزد و ارتفاع بیشتر باعث می‌شود برف بیشتر روی آن‌ها انباشته شود.

### ۲. معنای استعاری (اجتماعی و حرفه‌ای)

این رایج‌ترین کاربرد این ضرب‌المثل است و به موارد زیر اشاره دارد:

* **مسئولیت بیشتر:** افرادی که در جایگاه‌های مدیریتی، قدرت یا مسئولیت‌های بزرگ قرار دارند (بام بلند)، باید بار مشکلات،","«هر که بامش بیش برفش بیشتر»
معنی: هر که موقعیت و دارایی بزرگ‌تری دارد، گرفتاری و مسئولیتش هم بیشتر است.",YES,YES,YES,NO,YES,YES,YES,NO,B,Both are correct; B is more concise and directly aligned with the requested meaning.
B094,explain,این ضرب المثل چه مفهومی داره: «ماهی را هر وقت از آب بگیری تازه است»؟,"«ماهی را هر وقت از آب بگیری تازه است»
معنی: برای جبران و شروع دوباره هیچ‌وقت دیر نیست.","ضرب‌المثل «ماهی را هر وقت از آب بگیری تازه است» یک مفهوم عمیق و چندوجهی دارد که بسته به بافت و موقعیتی که در آن به کار می‌رود، می‌تواند معانی مختلفی داشته باشد.

به طور کلی، این ضرب‌المثل بر **اهمیت زمان‌بندی مناسب، فرصت‌طلبی، و بهره‌برداری از شرایط در لحظه** تأکید دارد.

در اینجا تفکیک معانی اصلی آن آمده است:

---

### ۱. اهمیت فرصت‌طلبی و اقدام به موقع (معنی اصلی)

این رایج‌ترین تفسیر است. ماهی در آب، در حال حرکت و در محیط طبیعی خود است، اما وقتی از آب خارج می‌شود، اگر بلافاصله و در شرایط مناسب (مثلاً برای مصرف یا فروش) گرفته شود، بهترین کیفیت را دارد.

* **مفهوم:** اگر فرصتی پیش آمد، نباید آن را به تعویق انداخت. بهترین زمان برای انجام کاری، زمانی است که شرایط کاملاً فراهم است. تأخیر می‌تواند باعث از دست رفتن کیفیت، فرصت یا ارزش آن کار شود.
* **مثال:** اگر یک پیشنهاد کاری عالی به شما داده شد، نب",YES,YES,YES,NO,NO,YES,NO,NO,A,B misinterprets the proverb as advice about seizing opportunities quickly.
B095,explain,معنی «دیگ به دیگ می‌گوید رویت سیاه» چیه؟,"«دیگ به دیگ می‌گوید رویت سیاه»
معنی: کسی که خودش عیب دارد، دیگری را به همان عیب سرزنش می‌کند.","جمله «دیگ به دیگ می‌گوید رویت سیاه» یک اصطلاح یا ضرب‌المثل رایج در زبان فارسی نیست و به تنهایی معنای مشخص و استاندارد ندارد. برای درک دقیق معنای آن، نیاز به **بافت (Context)** دارد که این جمله در چه موقعیتی گفته شده است.

با این حال، می‌توانیم اجزای جمله را تحلیل کنیم تا حدس‌هایی در مورد معنای احتمالی بزنیم:

### تحلیل اجزا:

1. **دیگ به دیگ می‌گوید:**
   * **دیگ:** می‌تواند به معنای ""دیگر"" (Again/Another) باشد، یا به معنای ""دیگ"" (که در برخی گویش‌ها به معنای چیز یا شیء است).
   * **به دیگ می‌گوید:** یعنی به دیگری می‌گوید.
   * **تفسیر احتمالی:** این بخش نشان می‌دهد که یک نفر (یا چیزی) در حال انتقال یک پیام یا حرف به شخص دیگری است.

2. **رویت سیاه:**
   * **رویت:** به معنای ""چهره"" یا ""صورت"" است.
   * **سیاه:** رنگ تیره.
   * **تفسیر",YES,YES,YES,NO,NO,NO,NO,NO,A,B fails to recognize the proverb and gives an incorrect literal analysis.
B096,explain,«مار گزیده از ریسمان سیاه و سفید می‌ترسد» یعنی چی؟,"«مار گزیده از ریسمان سیاه و سفید می‌ترسد»
معنی: کسی که یک بار آسیب جدی دیده، پس از آن حتی از نشانه‌های بی‌خطرِ مشابه نیز می‌ترسد.","این جمله، **«مار گزیده از ریسمان سیاه و سفید می‌ترسد»**، یک **ضرب‌المثل یا کنایه** است و معنای تحت‌اللفظی ندارد. این جمله برای بیان یک مفهوم عمیق‌تر در مورد **تضاد، خطر، یا آسیب‌پذیری** به کار می‌رود.

برای درک کامل آن، باید اجزای آن را تحلیل کنیم:

### ۱. اجزای جمله:

* **مار گزیده:** نماد **خطر، فریب، یا نیرویی مخرب** است. مار گزیده به طور سنتی نماد سمی بودن و تهدید است.
* **ریسمان سیاه و سفید:** این ریسمان نماد **تضاد، دوگانگی، یا محدودیت‌های مشخص** است. سیاه و سفید معمولاً نماد دو قطب متضاد (خیر و شر، درست و غلط، روشن و تاریک) هستند.
* **می‌ترسد:** نشان‌دهنده **آسیب‌پذیری، ضعف، یا عدم توانایی** در برابر آن تضاد است.

### ۲. معانی احتمالی (بسته به بافت):

این ضرب‌",YES,YES,YES,NO,NO,YES,NO,NO,A,B gives an incorrect symbolic interpretation; A gives the established meaning.
B097,explain,منظور از «هر گردی گردو نیست» چیه؟,"**«هر گردی گردو نیست»** یک ضرب‌المثل فارسی بسیار رایج است که معنای عمیق و اخلاقی دارد.

**معنی اصلی و ساده:**

این ضرب‌المثل به این معناست که **همه چیز در دنیا یکسان نیست** و **همه افراد یا موقعیت‌ها به یک اندازه ارزشمند، خوب یا قابل اعتماد نیستند.**

**توضیح مفصل‌تر:**

* **گردو:** در اینجا نماد چیزی ارزشمند، خوب، یا مطلوب است.
* **گردی:** نماد هر چیزی است که ممکن است به نظر بیاید شبیه گردو باشد، اما ممکن است کیفیت نداشته باشد.

**پیام اصلی این ضرب‌المثل این است که:**

1. **تفاوت در کیفیت:** در هر جمعی، گروهی، یا در هر چیزی که به ظاهر شبیه هم هستند، تفاوت‌های اساسی در کیفیت، ارزش، یا ماهیت وجود دارد.
2. **احتیاط و تفکر:** نباید صرفاً بر اساس ظاهر یا شباهت اولیه، قضاوت کرد. باید با دقت، بررسی و تفکر، ارزش واقعی هر چیز را تشخیص داد.
3. **عدم تعمیم:**","«هر گردی گردو نیست»
معنی: ظاهر خوب و فریبنده‌ی هر چیز دلیل بر اصل و کیفیت آن نیست.",YES,YES,YES,NO,YES,YES,YES,NO,B,Both are broadly correct; B states the conventional lesson more precisely.
B098,explain,این ضرب المثل چه مفهومی داره: «کوزه‌گر از کوزه‌ی شکسته آب می‌خورد»؟,"ضرب‌المثل «کوزه‌گر از کوزه‌ی شکسته آب می‌خورد» یک ضرب‌المثل بسیار گویا و عمیق است که به **تلاش بیهوده، استفاده از ابزار یا شرایط معیوب، و نتیجه‌ی ناامیدکننده** اشاره دارد.

در اینجا تفکیک معنایی آن آمده است:

### ۱. معنای تحت‌اللفظی (تصویرسازی)
* **کوزه‌گر:** کسی است که کارش ساختن و تعمیر کوزه است (یعنی او متخصص در کار با کوزه است).
* **کوزه شکسته:** ابزاری است که از نظر کارکرد، ناقص، معیوب یا غیرقابل اعتماد است.
* **آب خوردن:** عملی است که نیاز به ظرف سالم دارد.

وقتی کوزه‌گر از کوزه شکسته آب می‌خورد، آب به درستی در کوزه باقی نمی‌ماند، یا ممکن است هنگام نوشیدن، آب ریخته شود و او نتواند به درستی آب بنوشد.

### ۲. مفهوم اصلی و استعاری
این ضرب‌المثل به این معناست که:

**«کسی که برای انجام کاری، از ابزار، شرایط","«کوزه‌گر از کوزه‌ی شکسته آب می‌خورد»
معنی: صاحب حرفه گاهی برای خودش از محصول ناقص و کهنه استفاده می‌کند و به کار شخصی‌اش نمی‌رسد.",NO,YES,NO,NO,YES,YES,YES,NO,B,A misreads the proverb as using faulty tools; B gives the established meaning.
B099,explain,معنی «مرغ همسایه غاز است» چیه؟,"جمله «مرغ همسایه غاز است» یک **ضرب‌المثل یا کنایه** است و معنای تحت‌اللفظی ندارد. این جمله برای بیان یک مفهوم عمیق‌تر به کار می‌رود.

**معنی اصلی و مفهوم آن این است:**

این جمله به این معناست که **آنچه در ظاهر به نظر می‌رسد، حقیقت ندارد؛ یا چیزی که انتظارش را دارید، نیست.**

به عبارت ساده‌تر، این جمله بیانگر **تضاد، اشتباه در قضاوت، یا عدم تطابق بین ظاهر و باطن** است.

---

### تحلیل کنایه:

برای درک بهتر، باید به تضاد موجود در جمله نگاه کنیم:

1. **مرغ:** نماد چیزی است که انتظارش را داریم (مرغ معمولاً نماد پرنده کوچک‌تر، زمینی‌تر و شناخته‌شده‌تر است).
2. **غاز:** نماد چیزی است که کاملاً متفاوت، بزرگ‌تر، یا غیرمنتظره است.

وقتی می‌گوییم «مرغ همسایه غاز است»، یعنی:

* **ظاهر (مرغ) با واقعیت (غاز) مطابقت ندارد.**
*","«مرغ همسایه غاز است»
معنی: داشته‌های دیگران در نظر آدم بهتر و بزرگ‌تر جلوه می‌کند.",NO,YES,NO,NO,YES,YES,YES,NO,B,A interprets it as appearance versus reality; B gives the actual comparison-with-others meaning.
B100,explain,«هر که طاووس خواهد جور هندوستان کشد» یعنی چی؟,"این ضرب‌المثل فارسی، **«هر که طاووس خواهد جور هندوستان کشد»**، یک کنایه بسیار معروف و عمیق است که به معنای **«هر که خواهان چیزی بسیار زیبا، پر زرق و برق، یا غیرممکن است، باید سختی‌ها، مشکلات و زحمات فراوانی را متحمل شود»** می‌باشد.

به عبارت ساده‌تر، این جمله بیانگر این اصل است که:

**«هیچ چیز ارزشمند و زیبا به آسانی به دست نمی‌آید.»**

---

### تحلیل اجزای ضرب‌المثل:

1. **طاووس:** طاووس نماد **زیبایی، شکوه، پر زرق و برق، و عظمت** است. در فرهنگ‌های مختلف، طاووس نماد زیبایی بی‌نظیر تلقی می‌شود.
2. **هندوستان:** در این بافت، هندوستان نماد **دوری، سختی، و دشواری مسیر** است. (در گذشته، سفر به هندوستان بسیار دشوار، پرخطر و پرهزینه بود.)
3. **جور کشیدن:** به معنای **تحمل سختی، رنج،","«هر که طاووس خواهد جور هندوستان کشد»
معنی: به‌دست‌آوردن چیز ارزشمند، تحمل زحمت و هزینهٔ متناسب با آن را می‌طلبد.",YES,YES,YES,NO,YES,YES,YES,NO,B,Both are correct; B is more concise and precise.
B101,explain,منظور از «سری که درد نمی‌کند دستمال نمی‌بندند» چیه؟,"«سری که درد نمی‌کند دستمال نمی‌بندند»
معنی: بی‌دلیل وارد کاری نشو که برایت مشکل، نگرانی و مسئولیت تازه ایجاد می‌کند.","این عبارت، **«سری که درد نمی‌کند دستمال نمی‌بندند»**، یک ضرب‌المثل یا اصطلاح عامیانه است که معنای عمیق و کنایه‌آمیزی دارد.

**معنی اصلی و مفهوم آن این است:**

> **کسی که مشکلی ندارد، نیازی به کمک، توجه، یا مداخله دیگران ندارد.**

به عبارت ساده‌تر، این ضرب‌المثل بیانگر این اصل است که:

1. **مشکلات و دردها، نشان‌دهنده وجود چیزی هستند که نیاز به رسیدگی دارد.** اگر درد یا مشکلی وجود نداشته باشد، نیازی به درمان، تسکین، یا کمک نیست.
2. **نیاز به کمک، معمولاً از وجود یک مشکل نشأت می‌گیرد.**

---

### تحلیل اجزای عبارت:

* **«سری که درد نمی‌کند»:** به معنای فردی است که هیچ مشکلی، ناراحتی، یا نیازی ندارد.
* **«دستمال نمی‌بندند»:** «دستمال بستن» در اینجا استعاره‌ای از **درمان، تسکین، کمک، یا رسیدگی** است. اگر دردی نباشد، نیا",YES,YES,YES,NO,NO,YES,NO,NO,A,"B gives a literal “no problem, no treatment” reading rather than the conventional advice to avoid needless trouble."
B102,explain,این ضرب المثل چه مفهومی داره: «کاسه‌ی داغ‌تر از آش»؟,"ضرب‌المثل «کاسه‌ی داغ‌تر از آش» یک اصطلاح عامیانه است که معمولاً برای بیان **شدت، اهمیت، یا فوریت یک موضوع** به کار می‌رود.

**معنی اصلی و مفهوم آن این است:**

1. **اهمیت بیشتر یا وضعیت بحرانی‌تر:** وقتی می‌گوییم چیزی «کاسه‌ی داغ‌تر از آش» است، منظور این است که آن موضوع، وضعیت، یا مسئله **بسیار جدی‌تر، فوری‌تر، یا مهم‌تر** از چیزی است که قبلاً در نظر گرفته می‌شد (که در اینجا ""آش"" نماد وضعیت عادی یا کم‌اهمیت‌تر است).
2. **گرم‌تر و پرشورتر:** در برخی موارد، می‌تواند به معنای **پرشورتر، هیجان‌انگیزتر، یا داغ‌تر** بودن یک بحث یا رویداد باشد.

**تفسیر نمادین:**

* **آش:** نماد یک وضعیت عادی، روزمره، یا کم‌اهمیت‌تر است.
* **کاسه‌ی داغ:** نماد چیزی است که در حال جوشیدن، بسیار داغ، فوری، یا نیازمند توجه فوری","«کاسه‌ی داغ‌تر از آش»
معنی: فردی حاشیه‌ای بیش از صاحب اصلیِ موضوع هیجان، سخت‌گیری یا تعصب نشان می‌دهد.",NO,YES,NO,NO,YES,YES,YES,NO,B,A gives the wrong meaning; B correctly describes overzealous involvement by a secondary party.
B103,explain,معنی «گرگ باران‌دیده» چیه؟,"""گرگ باران‌دیده"" یک عبارت ادبی و استعاری است و معنای تحت‌اللفظی ندارد. برای درک دقیق معنای آن، باید به **بافت و متنی** که در آن به کار رفته است توجه کرد.

با این حال، می‌توانیم بر اساس ترکیب کلمات، چند تفسیر احتمالی ارائه دهیم:

### ۱. تفسیر تحت‌اللفظی (کمتر محتمل در ادبیات):
* **گرگ:** نماد وحشیگری، تنهایی، خطر، یا طبیعت سرکش.
* **باران‌دیده:** کسی یا چیزی که باران خورده، خیس، یا تحت تأثیر شرایط آب و هوایی قرار گرفته است.

اگر این ترکیب به صورت تحت‌اللفظی استفاده شود، ممکن است به **گرگی اشاره کند که در شرایط سخت و مرطوب (مانند باران) قرار دارد.**

### ۲. تفسیر استعاری (رایج‌تر در ادبیات):
در ادبیات فارسی، ترکیب‌های غیرمعمول اغلب برای ایجاد حس و حال خاصی به کار می‌روند. این عبارت می‌تواند نمادی از موارد زیر باشد:

* **تغییر و دگرگونی در طبیعت","«گرگ باران‌دیده»
معنی: فرد باتجربه خطرها و سختی‌های بزرگ دیده و با کوچک‌ترین تهدید از پا نمی‌افتد.",NO,YES,NO,NO,YES,YES,YES,NO,B,A remains speculative; B gives the conventional “battle-tested/experienced” meaning.
B104,explain,«خرج که از کیسه‌ی مهمان بود حاتم طایی شدن آسان بود» یعنی چی؟,"این جمله، **«خرج که از کیسه‌ی مهمان بود حاتم طایی شدن آسان بود»**، یک ضرب‌المثل یا یک عبارت ادبی است که برای بیان یک مفهوم خاص به کار می‌رود. برای درک کامل آن، باید اجزای آن را تحلیل کنیم:

### تحلیل اجزای جمله:

1. **حاتم:** حاتم طایی، یکی از شخصیت‌های اسطوره‌ای و بسیار سخاوتمند در ادبیات عرب و فارسی است. او نماد **سخاوت بی‌حد و مرز، بخشندگی و فراوانی** است.
2. **کیسه‌ی مهمان:** این کیسه نماد **مال، نعمت، یا چیزی است که به عنوان مهمان یا هدیه دریافت شده است.**
3. **خرج:** در اینجا به معنای **هزینه، خرج کردن، یا مصرف کردن** است.
4. **طایی شدن آسان بود:** یعنی **بسیار راحت و بدون مشکل بود.**

### معنای کلی جمله:

این جمله به این معناست که:

**وقتی چیزی (مال یا نعمت) از منبعی است که به عنوان هدیه، کمک، یا لطف (کیسه‌ی مهمان)","«خرج که از کیسه‌ی مهمان بود حاتم طایی شدن آسان بود»
معنی: بخشندگی با مال دیگران هنر نیست.",NO,YES,NO,NO,YES,YES,YES,NO,B,A muddles the source of the money; B captures the core meaning of generosity with someone else’s resources.
B105,explain,منظور از «درخت هرچه بارش بیشتر شود سربه‌زیرتر می‌شود» چیه؟,"«درخت هرچه بارش بیشتر شود سربه‌زیرتر می‌شود»
معنی: هرچه دانش، توانایی و دستاورد انسان بیشتر باشد، شایسته است فروتن‌تر شود.","این عبارت، **«درخت هرچه بارش بیشتر شود سربه‌زیرتر می‌شود»**، یک **تمثیل (استعاره)** یا **ضرب‌المثل** است که به طور کلی به مفهوم **تأثیرات دوگانه یا پیامدهای غیرمنتظره‌ی یک عامل مثبت** اشاره دارد.

برای درک کامل معنا، باید آن را از منظر نمادین تحلیل کرد:

### ۱. تحلیل نمادین اجزا:

* **درخت:** نماد رشد، زندگی، پتانسیل، یا یک سیستم (شخص، سازمان، پروژه) است.
* **بارش (باران):** نماد منابع، حمایت، کمک، موفقیت، یا شرایط مساعد است.
* **سربه‌زیرتر شدن:** نماد سنگینی، فشار، خستگی، یا تحت فشار قرار گرفتن است.

### ۲. معانی اصلی و تفاسیر مختلف:

این تمثیل می‌تواند چندین معنای عمیق داشته باشد، بسته به زمینه‌ای که در آن استفاده می‌شود:

#### الف) فشار ناشی از موفقیت و مسئولیت (رایج‌ترین تفسیر):
وقتی یک فرد یا سازمان به موفقیت‌های بزرگ می‌رسد (بارش",YES,YES,YES,NO,NO,YES,NO,NO,A,B interprets modesty as pressure from success rather than humility.
B106,explain,این ضرب المثل چه مفهومی داره: «مشک آن است که خود ببوید نه آنکه عطار بگوید»؟,"این ضرب‌المثل فارسی، **«مشک آن است که خود ببوید نه آنکه عطار بگوید»**، یک مفهوم عمیق و بسیار کاربردی در زندگی اجتماعی و اخلاقی دارد.

**معنی تحت‌اللفظی:**
مشک (عطر بسیار خوشبو) آن است که خود فرد آن را بو کند و از عطرش لذت ببرد، نه اینکه صرفاً کسی (عطار) آن را برای او توصیف کند.

**مفهوم اصلی و پیام ضرب‌المثل:**

این ضرب‌المثل بر اهمیت **تجربه مستقیم، شهود، و درک شخصی** تأکید دارد و در مقابل **توصیفات، ادعاها، یا نظرات دیگران** قرار می‌دهد.

به طور خلاصه، پیام آن این است:

1. **تجربه شخصی بر نظریه ارجحیت دارد:** چیزی که شما خودتان آن را تجربه نکرده‌اید، نمی‌توانید به درستی درک کنید یا قضاوت کنید. حرف دیگران (حتی اگر از منبع معتبر باشند) ممکن است ناقص یا مغرضانه باشد.
2. **اعتماد به شهود خود:** نباید",شواهد کافی برای ارائهٔ یک عبارت ثبت‌شده و قابل اتکا پیدا نشد.,NO,YES,NO,NO,NO,NA,NA,NO,A,A is imperfect but closer to the idea that real quality proves itself; B gives no explanation at all.
B107,explain,معنی «زبان سرخ سر سبز می‌دهد بر باد» چیه؟,"«زبان سرخ سر سبز می‌دهد بر باد»
معنی: حرف نسنجیده آدم را به نابودی می‌کشاند.","عبارت «زبان سرخ سر سبز می‌دهد بر باد» یک **ضرب‌المثل یا بیت شعر** است که بار معنایی عمیق و استعاری دارد و بسته به بافت (شعر، سخنرانی، یا گفتگوی عامیانه) می‌تواند معانی مختلفی داشته باشد، اما هسته اصلی آن به **تأثیر کلام** اشاره دارد.

در حالت کلی، این عبارت به این معناست که:

**کلام (زبان) می‌تواند تأثیرات بسیار متضاد و در عین حال همزمان داشته باشد؛ یعنی هم می‌تواند چیزی زیبا، پررنگ، و تأثیرگذار (سرخ) باشد و هم می‌تواند چیزی لطیف، تازه، یا ناپایدار (سبز) باشد، و این تأثیرات در معرض گذر زمان یا محیط (بر باد) قرار می‌گیرند.**

---

### تحلیل اجزای عبارت:

1. **زبان (کلام):** اشاره به سخن، گفتار، حرف‌ها، و بیان دارد.
2. **سرخ:** در ادبیات، رنگ سرخ معمولاً نماد **شور، هیجان، قدرت، شدت، خون، یا تأثیر قوی و آشکار** است.
3.",YES,YES,YES,NO,NO,YES,NO,NO,A,B gives a symbolic color analysis instead of the warning about reckless speech.
B108,explain,«نوش‌دارویی و بعد از مرگ سهراب» یعنی چی؟,"«نوش‌دارویی و بعد از مرگ سهراب»
معنی: درمان و کمک پس از پایان فرصت و نابودیِ فرد، دیگر هیچ سودی ندارد.","عبارت «نوش‌دارویی و بعد از مرگ سهراب» به تنهایی یک اصطلاح یا عبارت رایج و مشخص در زبان فارسی نیست که معنای واحد و قطعی داشته باشد. برای اینکه بتوانم دقیقاً بگویم منظور شما چیست، نیاز به **بافت (Context)** بیشتری دارم.

با این حال، می‌توانم بر اساس کلمات، چند تفسیر احتمالی ارائه دهم:

---

### ۱. تفسیر تحت‌اللفظی (Literal Interpretation)

اگر این عبارت در یک متن ادبی، شعر، یا داستان به کار رفته باشد، ممکن است به این موارد اشاره داشته باشد:

* **نوش‌دارویی:** اشاره به نوشیدن دارو، نوشیدنی خاص، یا شاید نماد یک درمان یا تسکین است.
* **بعد از مرگ سهراب:** اشاره به وقایع، وضعیت، یا میراثی که پس از فوت شخصیت ""سهراب"" رخ می‌دهد.

**ترکیب احتمالی:** ممکن است منظور این باشد که **""دارویی (یا چیزی شفا‌بخش) که پس از مرگ سهراب مصرف می‌شود""** یا **""وضعیت پس از مرگ سهراب که با یک نوشیدنی یا درمان",YES,YES,YES,NO,NO,NO,NO,NO,A,B fails to recognize the established allusion and does not explain it.
B109,explain,منظور از «بار کج به منزل نمی‌رسد» چیه؟,"«بار کج به منزل نمی‌رسد»
معنی: کاری که بر پایهٔ نادرستی بنا شود به سرانجام نمی‌رسد.","«بار کج به منزل نمی‌رسد» یک **ضرب‌المثل** فارسی است که معنای عمیق و اخلاقی دارد.

**معنی تحت‌اللفظی:**
به معنای واقعی کلمه، اگر باری (چیزی سنگین یا حجیم) به شکلی نامنظم، کج، یا نامناسب حمل شود، به مقصد (منزل) به درستی نخواهد رسید یا ممکن است آسیب ببیند.

**معنی استعاری و اصلی (مفهوم اخلاقی):**
این ضرب‌المثل به این معناست که **اگر کارها، برنامه‌ها، یا روابط به شکلی نامنظم، ناقص، عجولانه، یا با اصول درست انجام نشوند، نتیجه مطلوب و موفقیت‌آمیزی نخواهند داشت.**

به عبارت ساده‌تر، این ضرب‌المثل بر اهمیت **نظم، دقت، برنامه‌ریزی صحیح، و رعایت اصول** تأکید دارد.

---

### کاربردهای مختلف این ضرب‌المثل:

این ضرب‌المثل بسته به موقعیتی که در آن استفاده می‌شود، می‌تواند معانی متفاوتی داشته باشد:

**۱. در کار و امور (برنامه‌ری",YES,YES,YES,NO,YES,YES,YES,NO,A,Both are broadly correct; A better captures the moral of a crooked/illicit foundation not reaching a good end.
B110,explain,این ضرب المثل چه مفهومی داره: «آفتابه لگن هفت دست، ولی شام و ناهار هیچی»؟,"این ضرب‌المثل، **«آفتابه لگن هفت دست، ولی شام و ناهار هیچی»**، یک تصویر بسیار گویا از **تفاوت بین ظاهر فریبنده و واقعیت تلخ** است.

برای درک کامل مفهوم، باید اجزای آن را بررسی کنیم:

1. **«آفتابه لگن هفت دست»:**
   * **آفتابه:** نماد چیزی است که در معرض نور و توجه قرار دارد، چیزی که براق، پر زرق و برق، و جذاب به نظر می‌رسد.
   * **لگن هفت دست:** این بخش نشان‌دهنده **بزرگ‌نمایی، فراوانی، یا ظاهری بسیار پربار** است. انگار که این چیز (یا موقعیت) بسیار بزرگ، پر از امکانات، یا بسیار پر از توجه است.

2. **«ولی شام و ناهار هیچی»:**
   * **شام و ناهار:** نماد **نیازهای اساسی، تأمین معیشت، ثبات، و ارزش واقعی** در زندگی است.
   * **هیچی:** نشان‌دهنده **کمبود، فقر، یا عدم وجود نتیجه ملموس","«آفتابه لگن هفت دست، ولی شام و ناهار هیچی»
معنی: برای وضعیتی است که ظاهر و تشریفات فراوان دارد، اما از محتوای اصلی خبری نیست.",YES,YES,YES,NO,YES,YES,YES,NO,B,Both identify appearance without substance; B states the conventional meaning more cleanly.
B111,search_by_meaning,برای کسی که همیشه کارهاشو عقب میندازه یه اصطلاح مناسب بگو,"برای کسی که همیشه کارهاش رو عقب میندازه، چندین اصطلاح وجود داره که بسته به لحن و شدت مورد نظر شما، می‌تونید استفاده کنید. در اینجا چند گزینه با معانی مختلف آورده شده:

---

### ۱. اصطلاحات رایج و دوستانه (سبک ملایم)

این‌ها برای دوستان یا محیط‌های کاری غیررسمی مناسب هستند:

* **به تعویق انداختن (Procrastinator):** این کلمه تخصصی‌ترین و دقیق‌ترین اصطلاح است.
* **کاره‌گذر (یا اهل تعلل):** یعنی کسی که در انجام کارها تأخیر می‌کند.
* **آدم کُند (یا کندکار):** اگر تأخیر او به دلیل کندی در شروع کار باشد.

### ۲. اصطلاحات محاوره‌ای و طنزآمیز (سبک شوخ‌طبعانه)

اگر می‌خواهید با لحنی دوستانه و کمی طنزآمیز بگویید:

* **آدم ""فردا انجام می‌دهم"":** این یک عبارت بسیار رایج در فارسی است که دقیقاً رفتار او را توصیف می‌کند.
* **تأخ","پیشنهاد ثبت‌شده: «دست دست کردن»
معنی: در انجام کار تعلل و درنگ کردن.",YES,YES,YES,YES,YES,YES,YES,NO,B,A gives several generic labels and at least one dubious coinage; B provides a concise established idiom.
B112,search_by_meaning,برای وقتی چند نفر بدون هماهنگی یک کار رو خراب می‌کنن یه ضرب المثل مناسب بگو,"پیشنهاد ثبت‌شده: «خانه‌ای را که دو کدبانوست، خاک تا زانوست»
معنی: وقتی چند نفر بدون هماهنگی مدیریت یک کار را بر عهده بگیرند، نظم آن از میان می‌رود.","برای وقتی چند نفر بدون هماهنگی یک کار را خراب می‌کنند، چندین ضرب‌المثل و اصطلاح مناسب وجود دارد که بسته به لحن مورد نظر شما (توهین‌آمیز، کنایه‌آمیز، یا توصیفی) می‌توانید از آن‌ها استفاده کنید.

در اینجا چند گزینه با معانی مختلف آورده شده است:

---

### ۱. ضرب‌المثل‌های کلاسیک (تأکید بر بی‌نظمی و نتیجه بد)

* **""هر کس یک سوراخ بزند، همه کشتی غرق می‌شود.""** (این ضرب‌المثل نشان می‌دهد که کوچک‌ترین اشتباه یا اقدام نامنسجم هر فرد، می‌تواند کل پروژه را نابود کند.)
* **""تک‌تک‌ها، همه را خراب می‌کنند.""** (این اصطلاح به طور مستقیم به این اشاره دارد که اقدامات پراکنده و بدون هماهنگی، نتیجه‌ای مخرب به بار می‌آورد.)

### ۲. اصطلاحات کنایه‌آمیز (تأکید بر بی‌فکری و سردرگمی)

* **""مثل گله گوسفند بدون چوپان.""** (این نشان می‌دهد که افراد بدون رهبری یا",YES,YES,YES,NO,YES,NO,YES,YES,A,A gives an authentic proverb; B invents proverb-like alternatives.
B113,search_by_meaning,یه مثل برای اینکه نتیجه کار رو باید آخرش سنجید میخوام,"چندین مثل و عبارت وجود دارد که می‌توانید بسته به لحن و موقعیتی که می‌خواهید استفاده کنید، انتخاب نمایید. در اینجا چند گزینه با تأکیدهای مختلف آورده شده است:

---

### ۱. تأکید بر نتیجه نهایی (رایج و مستقیم)

این‌ها مستقیم‌ترین معادل‌ها برای مفهوم ""نتیجه مهم است"" هستند:

* **""آخرش، کار با نتیجه سنجیده می‌شود.""** (بسیار مستقیم و رسمی)
* **""در نهایت، فقط نتیجه حرف می‌زند.""** (کمی ادبی‌تر و تأکید بر اثربخشی)
* **""مهم نیست چقدر تلاش کردی، اگر نتیجه نگیری، بی‌فایده است.""** (تأکید بر کارایی)

### ۲. تأکید بر سنجش و ارزیابی (رسمی‌تر و مدیریتی)

اگر در محیط کاری یا تحلیلی صحبت می‌کنید، این‌ها مناسب‌ترند:

* **""اهمیت کار در سنجش نتایج آن نهفته است.""** (بسیار رسمی)
* **""ارزیابی، معیار سنجش موفقیت است.""** (بسیار رسمی","پیشنهاد ثبت‌شده: «جوجه را آخر پاییز می‌شمارند»
معنی: نتیجهٔ واقعی کار را باید در پایان سنجید و نباید از آغاز به سود ظاهری دل‌خوش کرد.",NO,NO,YES,YES,YES,YES,YES,NO,B,A offers generic maxims rather than an established proverb; B gives the conventional proverb.
B114,search_by_meaning,یه ضرب المثل برای وقتی یک نفر به تنهایی از پس کار برنمیاد بگو,"پیشنهاد ثبت‌شده: «یک دست صدا ندارد»
معنی: یک نفر به‌تنهایی از عهدهٔ بعضی کارها برنمی‌آید و نتیجه به همکاری نیاز دارد.","چندین ضرب‌المثل و اصطلاح وجود دارد که بسته به لحن و موقعیتی که می‌خواهید بیان کنید، می‌توانید از آن‌ها استفاده کنید. در اینجا چند گزینه با معانی متفاوت آورده شده است:

### ۱. تأکید بر نیاز به کمک (رایج‌ترین و مستقیم‌ترین)

* **""تنها با دست‌های خودت، کوه را جابجا نمی‌کنی.""** (این ضرب‌المثل به وضوح نشان می‌دهد که کارهای بزرگ نیاز به همکاری دارند.)
* **""یکی دو نفر نمی‌توانند همه کارها را انجام دهند.""** (یک بیان ساده و مستقیم.)

### ۲. تأکید بر قدرت جمعی (بیشتر مثبت و انگیزشی)

* **""تک‌تک‌ها، جمع شوند، کوه را جابجا کنند.""** (این تأکید می‌کند که قدرت در اتحاد است.)
* **""همکاری، کلید موفقیت است.""** (یک عبارت مدرن‌تر اما بسیار گویا.)

### ۳. لحن طنز یا هشدار (اگر می‌خواهید کمی لحن تلخ‌تر باشد)

* **""تنها راه، کمک گرفتن است.""** (ساده و هش",YES,YES,YES,NO,YES,NO,YES,YES,A,A gives the established proverb; B invents proverb-like alternatives.
B115,search_by_meaning,برای کسی که خودش عیب داره ولی همون عیب رو به بقیه میگیره چه مثلی داریم؟,"برای کسی که خودش عیب دارد اما آن عیب را در دیگران می‌بیند و سرزنش می‌کند، چندین اصطلاح و مفهوم وجود دارد که بسته به شدت و نوع رفتار، می‌توان از آن‌ها استفاده کرد. رایج‌ترین و دقیق‌ترین اصطلاحات عبارتند از:

---

### ۱. **تغییر نقش (Projection)**

این اصطلاح روانشناختی دقیق‌ترین توصیف است. **تغییر نقش (Projection)** یعنی فردی که ویژگی‌ها، احساسات، یا نقص‌های ناخواسته خود را در دیگران می‌بیند و آن‌ها را به دیگران نسبت می‌دهد، در حالی که در واقع آن ویژگی‌ها در خودش وجود دارد.

* **مثال:** فردی که خود بسیار حریص است، اما مدام به دیگران اتهام می‌زند که ""پول‌باز"" یا ""حریص"" هستند.

### ۲. **خودشیفتگی (Narcissism) یا ویژگی‌های خودشیفته**

افراد با گرایش‌های خودشیفته اغلب تمایل دارند نقص‌های خود را نادیده بگیرند یا آن‌ها را به دیگران نسبت دهند تا تصویر مثبتی از خود حفظ کنند. آن‌ها نیاز دارند که همیشه ""بهتر"" از دیگر","پیشنهاد ثبت‌شده: «دیگ به دیگ می‌گوید رویت سیاه»
معنی: کسی که خودش عیب دارد، دیگری را به همان عیب سرزنش می‌کند.",NO,NA,YES,NO,YES,YES,YES,NO,B,A gives psychological labels rather than the requested proverb; B provides the established saying.
B116,search_by_meaning,یه مثل برای اینکه با یک نمونه نمیشه نتیجه کلی گرفت بگو,"چندین مثل و ضرب‌المثل وجود دارد که می‌توانند این مفهوم را به خوبی بیان کنند. انتخاب بهترین گزینه بستگی به لحن و موقعیتی دارد که می‌خواهید آن را استفاده کنید.

در اینجا چند گزینه با تفاوت‌های ظریف ارائه شده است:

---

### ۱. گزینه‌های کلاسیک و عمومی (رسمی‌تر)

این‌ها برای محیط‌های کاری، آکادمیک یا مکالمات جدی مناسب هستند:

* **""از یک نمونه، کل دنیا را قضاوت نکن.""** (ساده، مستقیم و بسیار گویا)
* **""با یک قطره، دریا را نمی‌شناسند.""** (استعاری و شاعرانه‌تر، تأکید بر حجم کوچک در برابر کل)
* **""با یک شاخه، کل درخت را نمی‌فهمی.""** (بسیار تصویری و مناسب برای توضیح ساختارها)

### ۲. گزینه‌های محاوره‌ای و عامیانه (صمیمی‌تر)

اگر می‌خواهید لحن خودتان دوستانه‌تر و غیررسمی باشد:

* **""یه نمونه کوچیک، کل قضیه رو نشون نمیده.""** (بسیار","پیشنهاد ثبت‌شده: «با یک گل بهار نمی‌شود»
معنی: با یک نمونه نمی‌توان نتیجه‌ی کلی گرفت.",YES,NO,YES,YES,YES,YES,YES,NO,B,A invents several proverb-like formulations; B gives the established proverb.
B117,search_by_meaning,یه ضرب المثل برای اینکه هر وقت جلوی ضرر رو بگیری خوبه میخوام,"پیشنهاد ثبت‌شده: «جلوی ضرر را از هر جا بگیری منفعت است»
معنی: هر زمان جلوی ادامهٔ زیان را بگیری، همان مقدارِ جلوگیری‌شده سود و منفعت محسوب می‌شود.","چندین ضرب‌المثل و اصطلاح وجود دارد که می‌توانند مفهوم ""جلوی ضرر گرفتن خوب است"" را منتقل کنند، بسته به لحن و تأکیدی که می‌خواهید داشته باشید.

در اینجا چند گزینه با معانی مختلف آورده شده است:

### ۱. تأکید بر پیشگیری (بهترین گزینه برای این مفهوم)

این‌ها مستقیماً به این ایده اشاره دارند که بهتر است قبل از وقوع مشکل، اقدام کنیم:

* **""پیشگیری بهتر از درمان است.""** (این رایج‌ترین و دقیق‌ترین معادل است.)
* **""بهتر است زودتر از موعد، کار را تمام کنی.""** (اگر منظور از ضرر، تأخیر و مشکلات ناشی از آن باشد.)

### ۲. تأکید بر حفظ سرمایه و جلوگیری از زیان

اگر منظور شما در حوزه مالی یا ریسک‌پذیری است:

* **""بهتر است کم داشته باشی و سالم باشی، تا زیاد داشته باشی و از دست بدهی.""** (این بیشتر یک توصیه فلسفی است.)
* **""سرمایه را حفظ کن، نه اینکه دنبال سود بی‌رویه باشی.""** (اگر در مورد ریس",YES,YES,YES,NO,YES,YES,YES,YES,A,B includes a valid related proverb but also unsupported invented sayings; A is exact and fully grounded.
B118,search_by_meaning,برای اینکه با تمرین زیاد آدم ماهر میشه یه مثل بگو,"چندین مثل و ضرب‌المثل وجود دارد که این مفهوم را به خوبی بیان می‌کنند. انتخاب بهترین مورد بستگی به لحن و تأکیدی دارد که می‌خواهید داشته باشید:

**۱. تمرکز بر تکرار و مهارت (رایج‌ترین و مستقیم‌ترین):**

* **""تمرین، مادر مهارت است.""** (این جمله بسیار مستقیم و گویا است.)
* **""هر چه بیشتر تمرین کنی، بهتر می‌شوی.""** (ساده و کاربردی.)

**۲. تمرکز بر صبر و استمرار (نیاز به زمان):**

* **""آهسته رفتن، رسیدن به مقصد است.""** (اشاره دارد به اینکه پیشرفت تدریجی و مستمر است.)
* **""با پشتکار و تداوم، هر کوهی قابل فتح است.""** (تأکید بر قدرت استمرار.)

**۳. استفاده از مثال‌های سنتی (کلاسیک):**

* **""با تکرار، عادت می‌شود و با عادت، مهارت می‌آید.""** (توضیح فرآیند یادگیری.)
* **""هر حرفه‌ای، روزی شاگرد بوده است.""** (اش","پیشنهاد ثبت‌شده: «کار نیکو کردن از پر کردن است»
معنی: مهارت و چیره‌دستی با تمرین و تکرار به دست می‌آید.",YES,NO,YES,YES,YES,YES,YES,NO,B,A mixes generic/invented aphorisms; B gives the registered proverb about skill through repetition.
B119,search_by_meaning,یه ضرب المثل درباره استفاده به موقع از فرصت بگو,"چندین ضرب‌المثل و عبارت وجود دارد که مفهوم ""استفاده به موقع از فرصت"" را می‌رسانند. انتخاب بهترین گزینه بستگی به لحن و تأکیدی دارد که می‌خواهید داشته باشید.

در اینجا چند گزینه با معانی کمی متفاوت آورده شده است:

### ۱. رایج‌ترین و مستقیم‌ترین:

**""فرصت را در دست نده، آن را بگیر.""**
(این ضرب‌المثل تأکید می‌کند که نباید منتظر بمانید تا فرصت به شما برسد، بلکه باید فعالانه آن را شکار کنید.)

### ۲. تأکید بر زمان‌بندی (به موقع بودن):

**""زمان مناسب را تشخیص بده.""**
(این عبارت بیشتر یک توصیه است تا یک ضرب‌المثل سنتی، اما دقیقاً به مفهوم ""به موقع بودن"" اشاره دارد.)

**""وقتی فرصت پیش آمد، دست به کار شو.""**
(این جمله بر اهمیت اقدام فوری در لحظه مناسب تأکید دارد.)

### ۳. ضرب‌المثل با مفهوم از دست رفتن فرصت:

**""فرصت دو بار نمی‌آید.""**
(این شاید قوی‌ترین","پیشنهاد ثبت‌شده: «تا تنور گرم است نان را بچسبان»
معنی: از فرصت در زمان مناسبش به‌موقع استفاده کن.",YES,NO,YES,YES,YES,YES,YES,NO,B,A offers several unsupported proverb-like lines; B gives the established opportunity proverb.
B120,search_by_meaning,برای اینکه صبر آخرش نتیجه میده چه مثلی مناسبه؟,"پیشنهاد ثبت‌شده: «صبر و ظفر هر دو دوستان قدیم‌اند»
معنی: با شکیبایی سرانجام به پیروزی می‌رسی.","صبر کردن و رسیدن به نتیجه مطلوب، یک فرآیند پیچیده است که به عوامل مختلفی بستگی دارد. هیچ ""مثلی واحد"" وجود ندارد که برای همه شرایط کار کند، زیرا هر موقعیت منحصر به فرد است. با این حال، می‌توانیم چند **رویکرد ذهنی و عملی** را معرفی کنیم که به شما کمک می‌کند صبرتان مؤثرتر باشد و احتمال رسیدن به نتیجه را بالا ببرد.

در اینجا چند ""مثال"" یا استراتژی کلیدی آورده شده است:

---

### ۱. صبر فعال (Active Patience) در مقابل صبر منفعل (Passive Waiting)

بزرگترین اشتباه در صبر، این است که صرفاً منتظر بمانید و هیچ کاری نکنید. صبر فعال یعنی **در حین انتظار، روی خودتان کار کنید.**

* **مثال عملی:** اگر منتظر نتیجه یک پروژه بزرگ هستید، به جای اینکه فقط ایمیل‌ها را چک کنید، از این زمان برای یادگیری مهارت جدید مرتبط با آن پروژه، شبکه‌سازی، یا بهبود بخش‌های دیگر کارتان استفاده کنید.
    * **نتیجه:** شما نه تنها منتظر نتیجه اصلی هستید، بلکه در حین انتظار، ارزش و توانایی",YES,YES,YES,NO,NO,NA,YES,NO,A,B mostly gives strategies instead of the requested proverb; A directly provides one.
B121,search_by_meaning,یه مثل برای اینکه حقیقت بالاخره آشکار میشه بگو,"چندین مثل و ضرب‌المثل وجود دارد که مفهوم ""حقیقت بالاخره آشکار می‌شود"" را به خوبی بیان می‌کنند. انتخاب بهترین مورد بستگی به لحن و بافتی دارد که می‌خواهید استفاده کنید.

در اینجا چند گزینه با معانی مختلف آورده شده است:

---

### ۱. گزینه‌های کلاسیک و ادبی (تأکید بر اجتناب‌ناپذیری)

این‌ها معمولاً رسمی‌تر و عمیق‌تر هستند:

* **""حقیقت، مانند خورشید است؛ هرگز نمی‌تواند در تاریکی پنهان بماند.""** (این قوی‌ترین و شاعرانه‌ترین بیان است.)
* **""هر چه در سایه باشد، روزی زیر نور می‌آید.""** (ساده و بسیار گویا.)
* **""پنهان‌کاری، فقط زمان تأخیر است، نه پایان.""** (تأکید بر موقتی بودن پنهان‌کاری.)

### ۲. گزینه‌های عامیانه و ضرب‌المثل‌گونه (ساده و ضربتی)

این‌ها برای مکالمات روزمره مناسب‌ترند:

* **""رازها","پیشنهاد ثبت‌شده: «ماه پشت ابر نمی‌ماند»
معنی: حقیقت سرانجام آشکار می‌شود و پنهان نمی‌ماند.",YES,NO,YES,YES,YES,YES,YES,NO,B,A invents poetic proverb-like lines; B gives an authentic and apt proverb.
B122,search_by_meaning,برای مالی که بی زحمت به دست میاد و زود از دست میره چه مثلی داریم؟,"برای مالی که به زحمت به دست می‌آید و زود از دست می‌رود، چندین اصطلاح و مفهوم وجود دارد که بسته به بافت و شدت مشکل، می‌توان از آن‌ها استفاده کرد. در اینجا چند مورد از رایج‌ترین و مناسب‌ترین آن‌ها آورده شده است:

---

### ۱. اصطلاحات رایج و عامیانه

این‌ها معمولاً در مکالمات روزمره استفاده می‌شوند:

* **پول زودگذر / پول موقتی:** اشاره به این دارد که این پول پایدار نیست و به سرعت از بین می‌رود.
* **پول به سختی به دست آمده (که از دست می‌رود):** این توصیف مستقیم وضعیت است.
* **پول درشت و زودگذر:** اگر منظور مبلغ قابل توجهی باشد که به سرعت مصرف می‌شود.
* **پول ""سریع‌الزوال"":** (کمی ادبی‌تر) به معنای چیزی است که به سرعت ناپدید می‌شود.

### ۲. اصطلاحات اقتصادی و مالی (رسمی‌تر)

اگر می‌خواهید این مفهوم را در چارچوب مدیریت مالی یا اقتصاد بیان کنید، این اصطلاحات مناسب‌ترند:

* **نقدینگی زودگذر (Vol","پیشنهاد ثبت‌شده: «باد آورده را باد می‌برد»
معنی: مالِ بی‌زحمت به‌آسانی از دست می‌رود.",NO,NA,NO,NO,YES,YES,YES,NO,B,A misreads the prompt and discusses money earned with effort; B gives the exact proverb for windfall wealth.
B123,search_by_meaning,یه ضرب المثل برای اینکه نتیجه کار آدم به خودش برمیگرده بگو,"چندین ضرب‌المثل وجود دارد که مفهوم ""نتیجه کار آدم به خودش برمی‌گردد"" را به خوبی بیان می‌کنند. انتخاب بهترین گزینه بستگی به لحن و تأکیدی دارد که می‌خواهید داشته باشید:

**رایج‌ترین و مستقیم‌ترین گزینه‌ها:**

1. **""هر چه می‌کاری، آن را می‌بری.""** (این شاید دقیق‌ترین و رایج‌ترین معادل باشد. یعنی اعمال و کارهایی که انجام می‌دهی، همان نتیجه را به تو بازمی‌گرداند.)
2. **""کار خودت، خودت جواب می‌ده.""** (این ضرب‌المثل تأکید می‌کند که هیچ نیروی خارجی نیست که کار تو را جبران کند؛ نتیجه مستقیماً از خودت سرچشمه می‌گیرد.)

**گزینه‌هایی با تأکید بر قضاوت و سرنوشت:**

3. **""هر کس چه بگذارد، خودش می‌بیند.""** (این بیشتر جنبه اخلاقی و مشاهده‌ای دارد؛ یعنی اعمالت در نهایت آشکار خواهد شد.)
4. **""سرنوشت خودت، خودت می‌سازی.""** (این گزینه کمی مدرن‌تر است و","پیشنهاد ثبت‌شده: «هرچه کنی به خود کنی»
معنی: نتیجه‌ی کارهای آدم سرانجام به خودش بازمی‌گردد.",YES,YES,YES,YES,YES,YES,YES,NO,B,A includes a genuine equivalent but also several improvised sayings; B is exact and clean.
B124,search_by_meaning,برای اینکه بهتره قبل از مشکل جلوش رو بگیری یه مثل بگو,"چندین مثل و عبارت وجود دارد که می‌توانند این مفهوم را به خوبی بیان کنند، بسته به لحن و تأکیدی که می‌خواهید داشته باشید. در اینجا چند گزینه با معانی متفاوت آورده شده است:

---

### ۱. تأکید بر پیشگیری (رایج و قوی)

این‌ها مستقیم‌ترین معادل‌ها برای ""قبل از مشکل جلوش رو بگیری"" هستند:

* **""پیشگیری بهتر از درمان است.""** (این شاید معروف‌ترین و دقیق‌ترین ضرب‌المثل باشد.)
* **""بهتر است قبل از اینکه آتش شعله‌ور شود، آن را خاموش کنی.""** (تصویری قوی از جلوگیری از تشدید مشکل.)
* **""بهتر است قبل از اینکه کشتی در طوفان غرق شود، بادبان‌ها را تنظیم کنی.""** (اشاره به مدیریت شرایط قبل از بحران.)

### ۲. تأکید بر هوشیاری و دیدن زودهنگام (احتیاط)

اگر منظور شما این است که باید زودتر متوجه نشانه مشکل شوید:

* **""چشم تیزبین، مانع بلایای بزرگ است.""** (تأکید بر اهمیت هوشیاری.)","پیشنهاد ثبت‌شده: «علاجی بکن کز دلم خون نیاید»
معنی: پیش از آنکه رنج و فشار به آسیب عمیق عاطفی برسد، برای حل مشکل چاره‌ای پیدا کن.",YES,YES,YES,YES,NO,YES,NO,NO,A,A gives the well-known preventive maxim; B offers a registered line that does not match the requested idea closely.
B125,search_by_meaning,یه مثل برای اینکه حرف نسنجیده دردسر درست میکنه بگو,"پیشنهاد ثبت‌شده: «زبان سرخ سر سبز می‌دهد بر باد»
معنی: حرف نسنجیده آدم را به نابودی می‌کشاند.","چند تا مثل و عبارت وجود داره که مفهوم ""حرف نسنجیده دردسر درست می‌کنه"" رو می‌رسونن، بسته به لحن و تأکیدی که می‌خواید داشته باشید:

**مستقیم و واضح:**

* **""زبان، تیغ دو لبه است.""** (این خیلی رایجه و نشون می‌ده که حرف خوب هم می‌تونه آسیب بزنه و بد هم آسیب می‌زنه.)
* **""حرف بی‌مورد، دردسر به بار می‌آورد.""** (خیلی مستقیم و آموزشی.)
* **""زبان، قاضی است؛ هر کلمه‌ای که بگی، حکم دارد.""** (کمی ادبی‌تر و تأکید بر مسئولیت کلام.)

**با لحن هشداردهنده و ضرب‌المثل‌گونه:**

* **""زبان، آتش است؛ اگر نسنجی، همه چیز را می‌سوزاند.""** (استعاره قوی برای خطر کلام.)
* **""حرف‌های بی‌پروا، مثل سنگ در کفش است.""** (تأکید بر اینکه دردسر کوچک اما مداوم و آزاردهنده است.)
* **""س",YES,YES,YES,YES,YES,YES,YES,NO,A,B includes several improvised proverb-like variants; A gives the established proverb directly.
B126,search_by_meaning,برای ظاهر پرزرق و برق ولی بی‌محتوا یه ضرب المثل مناسب میخوام,"پیشنهاد ثبت‌شده: «طبل توخالی بودن»
معنی: ظاهر پرصدا و بزرگ دارد، اما درونش خالی و بی‌محتواست.","برای توصیف ظاهری پرزرق و برق اما بی‌محتوا، چندین ضرب‌المثل و اصطلاح فارسی وجود دارد که بسته به لحن مورد نظر شما (طنز، انتقادی، یا صرفاً توصیفی) می‌توانید از آن‌ها استفاده کنید.

در اینجا چند گزینه با تفاوت‌های ظریف ارائه شده است:

---

### ۱. گزینه‌های کلاسیک و انتقادی (تأکید بر پوچی)

این‌ها قوی‌ترین گزینه‌ها برای بیان این مفهوم هستند:

* **""ظاهر فریبنده"" یا ""ظاهر گمراه‌کننده"":** این‌ها مستقیم‌ترین ترجمه مفهومی هستند.
* **""پوست شیر، محتویات ماهی"":** (این یک اصطلاح عامیانه است و به معنای کسی است که ظاهر قوی دارد اما در باطن ضعیف است.)
* **""براق اما خالی"":** (ساده و بسیار گویا.)

### ۲. گزینه‌های ادبی و شاعرانه (تأکید بر تظاهر)

اگر می‌خواهید لحن شما کمی ادبی‌تر باشد:

* **""نقاب زیبا، محتوا تهی"":** (تأک",YES,YES,YES,NO,YES,NO,YES,YES,A,A provides a common idiomatic description; B invents dubious alternatives such as «پوست شیر، محتویات ماهی».
B127,search_by_meaning,یه اصطلاح برای وقتی یه کار ساده رو بیخودی پیچیده میکنن بگو,"پیشنهاد ثبت‌شده: «لقمه را دور سر چرخاندن»
معنی: کاری ساده را بیهوده پیچیده و دشوار کردن.","چند تا اصطلاح و عبارت وجود داره که می‌تونه این مفهوم رو برسونه، بسته به لحن و شدت منظورتون:

**رایج و عمومی:**

* **پیچیده کردن مسائل ساده:** (ساده‌ترین و مستقیم‌ترین ترجمه)
* **بیش از حد پیچیده کردن:** (تأکید بر اینکه فرآیند بیش از حد طولانی شده)
* **ساده‌سازی نکردن:** (اگر منظور این باشه که باید ساده‌تر می‌شد)

**کمی طنزآمیز یا انتقادی (بیشتر استفاده می‌شه):**

* **اثر پیچیده‌سازی:** (یه اصطلاح رسمی‌تر برای اشاره به این پدیده)
* **بیش‌تخصصی کردن بیهوده:** (وقتی کار از حوزه اصلی خارج می‌شه)
* **سیاست‌گذاری پیچیده:** (اگر در محیط اداری یا مدیریتی باشه)

**اصطلاحات عامیانه (بسته به لهجه):**

* **حرف‌بازی کردن:** (اگر بیشتر جنبه کلامی داشته باشه)
* **بزرگ‌نمایی کردن:** (اگر مسئله کوچک رو بزرگ نشون",YES,YES,YES,NO,NO,NA,YES,NO,A,B gives descriptive terminology rather than an idiom; A provides the established idiom.
B128,search_by_meaning,برای کسی که یه مسئله کوچیک رو خیلی بزرگ میکنه یه اصطلاح بگو,"برای کسی که یه مسئله کوچیک رو خیلی بزرگ می‌کنه، چند تا اصطلاح و عبارت وجود داره که بسته به لحن و موقعیتی که می‌خواید استفاده کنید، می‌تونید انتخاب کنید:

### اصطلاحات رایج و عمومی:

1. **بزرگ‌نمایی کردن (Overreacting):** این رایج‌ترین و مستقیم‌ترین اصطلاح است. یعنی واکنش بیش از حد نشان دادن نسبت به موقعیت.
2. **اهمیت دادن بیش از حد (Overemphasizing):** وقتی فردی به یک جزئیات کوچک، اهمیت بیشتری نسبت به واقعیت می‌دهد.
3. **دراماتیک کردن (Dramatizing):** این اصطلاح کمی لحن طنز یا انتقادی دارد و یعنی موقعیت عادی را به شکلی نمایشی و اغراق‌آمیز جلوه دادن.

### اصطلاحات محاوره‌ای و عامیانه (بسته به لحن):

* **سنگ‌انداز (اگر در بحث‌ها این کار را بکند):** اگر این بزرگ‌نمایی در قالب بحث و مناقشه باشد.
* **حساسیت بیش از حد داشتن:** اگر مشکل از ماهیت شخصیتی او باشد.","پیشنهاد ثبت‌شده: «از کاه کوه ساختن»
معنی: مسئله‌ی کوچک را بسیار بزرگ جلوه دادن.",NO,NA,YES,NO,YES,YES,YES,NO,B,A gives descriptive terms rather than a fixed idiom; B gives the established expression.
B129,search_by_meaning,یه اصطلاح برای آدم خیلی موشکاف و دقیق میخوام,"بسته به لحن و موقعیتی که می‌خواهید از آن استفاده کنید، چندین اصطلاح مناسب وجود دارد. در اینجا چند گزینه با تفاوت‌های ظریف ارائه شده است:

---

### ۱. اصطلاحات رسمی و حرفه‌ای (برای محیط کار یا تحلیل جدی)

این اصطلاحات تأکید بر دقت و توانایی تحلیل دارند:

* **تحلیل‌گر دقیق (Meticulous Analyst):** اگر کار او شامل بررسی جزئیات و یافتن ایرادات باشد.
* **دقیق و ریزبین (Scrupulous/Detail-oriented):** تأکید بر اینکه او هیچ جزئیاتی را نادیده نمی‌گیرد.
* **کامل‌نگر (Thorough):** اگر منظور این باشد که او هر جنبه‌ای را به طور کامل بررسی می‌کند.

### ۲. اصطلاحات عامیانه و روزمره (برای توصیف شخصیتی)

این‌ها بیشتر برای توصیف ویژگی شخصیتی در مکالمات روزمره استفاده می‌شوند:

* **ریزبین:** (رایج‌ترین و مناسب‌ترین گزینه) یعنی کسی که به جزئیات کوچک توجه زیادی دارد.
* **موشکاف:** (همان کلمه‌ای که شما استفاده",شواهد کافی برای ارائهٔ یک عبارت ثبت‌شده و قابل اتکا پیدا نشد.,YES,YES,YES,NO,NO,NA,NA,NO,A,A directly supplies appropriate real terms such as «ریزبین» and «موشکاف»; B abstains.
B130,search_by_meaning,برای کاری که بدون فکر و بررسی شروع میشه یه اصطلاح مناسب بگو,"برای کاری که بدون فکر و بررسی شروع می‌شود، چندین اصطلاح مناسب وجود دارد که بسته به لحن و تأکیدی که می‌خواهید داشته باشید، می‌توانید از آن‌ها استفاده کنید:

### ۱. اصطلاحات عمومی و رایج (توصیف حالت)

* **تصادفی شروع کردن:** (اگر هیچ برنامه‌ریزی مشخصی وجود نداشته باشد.)
* **بدون برنامه شروع کردن:** (تأکید بر فقدان طرح‌ریزی.)
* **به صورت خودجوش شروع کردن:** (اگر شروع به طور ناگهانی و بدون تحریک بیرونی اتفاق افتاده باشد.)
* **بر اساس احساس شروع کردن:** (اگر تصمیم بر اساس هیجان یا حس لحظه‌ای گرفته شده باشد.)

### ۲. اصطلاحات تأکیدی بر عجله و بی‌احتیاطی (منفی)

اگر می‌خواهید نشان دهید که این شروع **اشتباه** یا **بی‌مسئولانه** بوده است:

* **سریع و عجولانه شروع کردن:** (تأکید بر سرعت زیاد.)
* **بدون فکر و بررسی شروع کردن:** (دقیقاً همان چیزی که شما گفتید، اما رسمی‌تر.)
* **ریسک‌پذیر",شواهد کافی برای ارائهٔ یک عبارت ثبت‌شده و قابل اتکا پیدا نشد.,NO,NA,YES,NO,NO,NA,NA,NO,A,Neither gives the expected fixed expression; A at least offers relevant descriptive language.
B131,search_by_meaning,یه اصطلاح برای کسی که تو کار همه دخالت میکنه بگو,"پیشنهاد ثبت‌شده: «نخود هر آش بودن»
معنی: در هر کاری بی‌جا دخالت کردن.","چندین اصطلاح وجود دارد که بسته به لحن و شدت دخالت، می‌توانید از آن‌ها استفاده کنید. در اینجا چند گزینه با معانی متفاوت آورده شده است:

### ۱. اصطلاحات رایج و عمومی (توصیف رفتار)

* **همه کاره (یا همه کاره‌گر):** اگر فرد در همه زمینه‌ها دخالت می‌کند، این اصطلاح کلی است.
* **دخالت‌جو:** این کلمه مستقیماً به عمل او اشاره دارد.
* **همه‌گیر (در معنای منفی):** اگر دخالت او به همه بخش‌ها سرایت کرده باشد.

### ۲. اصطلاحات با لحن انتقادی و منفی (تأکید بر مزاحمت)

این‌ها معمولاً برای بیان نارضایتی از این رفتار استفاده می‌شوند:

* **سیاست‌مدار (یا سیاست‌گرا):** اگر دخالت او بیشتر جنبه‌های مدیریتی و کنترل‌گر داشته باشد.
* **کنترل‌گر (Micromanager):** این اصطلاح بسیار رایج است و به کسی گفته می‌شود که جزئی‌ترین کارهای دیگران را هم کنترل می‌کند.
* **حسدگر/حسود",YES,YES,YES,NO,NO,NA,YES,NO,A,B gives generic labels and several inappropriate options; A provides the established idiom.
B132,search_by_meaning,برای کسی که نیت پنهانی داره چه اصطلاحی داریم؟,"پیشنهاد ثبت‌شده: «ریگی به کفش داشتن»
معنی: نیت بد و مقصود پنهانی داشتن.","برای کسی که نیت پنهانی دارد، اصطلاحات مختلفی وجود دارد که بسته به شدت، نوع نیت و بافت مکالمه، می‌توان از آن‌ها استفاده کرد. در اینجا چند دسته از این اصطلاحات را برای شما آورده‌ام:

---

### ۱. اصطلاحات عمومی (برای اشاره به پنهان‌کاری نیت)

این اصطلاحات به طور کلی به کسی اشاره دارند که قصد واقعی‌اش را آشکار نمی‌کند:

* **مکرگو / حیله‌گر:** کسی که با فریب و نقشه‌های پنهان کار می‌کند.
* **دو رویی / دو چهره:** کسی که در ظاهر و باطن، دو رفتار متفاوت دارد (یکی خوب و دیگری بد).
* **پنهان‌کار:** کسی که قصد و نیت خود را مخفی نگه می‌دارد.
* **فریبکار:** کسی که با دروغ یا ترفند، دیگران را گول می‌زند.

### ۲. اصطلاحات ادبی و رسمی (برای اشاره به انگیزه‌های زیرپوستی)

این اصطلاحات کمی رسمی‌تر هستند و بیشتر بر جنبه‌های روانشناختی یا اخلاقی تأکید دارند:

* **ان",YES,YES,YES,NO,NO,NA,YES,NO,A,B gives generic personality labels rather than the idiom; A gives the established expression.
B133,search_by_meaning,یه اصطلاح برای کسی که بعد از رسیدن به هدف بقیه رو فراموش میکنه بگو,"چندین اصطلاح و عبارت وجود دارد که بسته به لحن و شدت مورد نظر شما، می‌توانید از آن‌ها استفاده کنید. در اینجا چند گزینه با تفاوت‌های ظریف ارائه شده است:

### ۱. اصطلاحات رایج و عمومی (تأکید بر فراموشی)

* **""بعد از رسیدن به قله، همه را فراموش می‌کند.""** (این یک استعاره قوی است که نشان می‌دهد تمرکز فقط روی موفقیت فردی بوده و دیگران در حاشیه قرار گرفته‌اند.)
* **""فقط به خودش فکر می‌کند.""** (ساده‌ترین و مستقیم‌ترین توصیف برای فردی که خودمحور است.)
* **""بعد از پیروزی، غرور می‌کند و دیگران را نادیده می‌گیرد.""** (اگر جنبه غرور هم در کار باشد.)

### ۲. اصطلاحات با بار منفی قوی‌تر (تأکید بر بی‌رحمی یا خودخواهی)

* **""خودشیفته"" یا ""خودمحور"" (Egotistical/Self-centered):** این کلمات به طور کلی برای توصیف کسی استفاده می‌شوند که تنها به منافع و موفقیت خودش اهمیت می‌دهد.
* **""","پیشنهاد ثبت‌شده: «خر کسی از پل گذشتن»
معنی: پس از رسیدن به مقصود، دیگران را فراموش کردن.",NO,NA,YES,NO,YES,YES,YES,NO,B,A only describes the behavior; B provides an established idiom matching the scenario.
B134,search_by_meaning,برای جواب منفی قطعی که امید طرف رو قطع میکنه یه اصطلاح بگو,"بسته به لحن و بافت مکالمه، چندین اصطلاح وجود دارد که می‌توانید استفاده کنید. در اینجا چند گزینه با معانی متفاوت آورده شده است:

### ۱. برای تأکید بر قطعیت و پایان دادن به امید (رسمی‌تر و قاطع)

* **""در این مورد، هیچ امیدی باقی نمی‌ماند.""** (بسیار مستقیم و قاطع)
* **""این موضوع به بن‌بست رسیده است.""** (وقتی راه حل یا پیشرفت محتمل نیست)
* **""این پرونده/مسئله بسته شده است.""** (اگر در چارچوب کاری یا رسمی باشد)
* **""این مسیر دیگر قابل ادامه نیست.""** (وقتی مسیر پیشرفت مسدود شده باشد)

### ۲. برای بیان ناامیدی شدید (غیررسمی‌تر و احساسی‌تر)

* **""دیگه هیچ چاره‌ای نیست.""** (بسیار رایج و محاوره‌ای)
* **""همه چیز تموم شد.""** (ساده و تأثیرگذار)
* **""دیگه امیدواری هم نیست.""** (تأکید مستقیم بر از بین رفتن امید)
* **""","پیشنهاد ثبت‌شده: «آب پاکی روی دست کسی ریختن»
معنی: یعنی پاسخ منفی و قطعی داده و هر امیدی را از طرف مقابل گرفته است.",NO,NA,YES,NO,YES,YES,YES,NO,B,A gives generic negative-answer phrases; B supplies the conventional idiom.
B135,search_by_meaning,یه مثل برای اینکه آدم باید روی پای خودش بایسته و مشکلش رو حل کنه بگو,"پیشنهاد ثبت‌شده: «گلیم خود را از آب کشیدن»
معنی: به‌تنهایی مشکل خود را حل کردن و گلیم خود را از آب بیرون آوردن.","چندین مثل و ضرب‌المثل وجود دارد که مفهوم ""آدم باید روی پای خودش بایستد و مشکلش را حل کند"" را به خوبی بیان می‌کنند. انتخاب بهترین مورد بستگی به لحن و تأکیدی دارد که می‌خواهید داشته باشید:

---

### ۱. تأکید بر استقلال و خودکفایی (رایج‌ترین و مستقیم‌ترین)

**«خودت باید راه حل خودت باشی.»**
(این جمله بسیار مستقیم و مدرن است و مفهوم خودکفایی را می‌رساند.)

**«باید خودت پاهات رو محکم کنی.»**
(این ضرب‌المثل به معنای تقویت بنیه و اعتماد به نفس برای مقابله با مشکلات است.)

### ۲. تأکید بر مسئولیت‌پذیری (کمی رسمی‌تر)

**«هر چه در دست توست، باید با دست تو حل شود.»**
(این تأکید می‌کند که نباید منتظر کمک بیرونی بود، بلکه باید مسئولیت را بپذیری.)

**«باید خودت مسئولیت قصه خودت را بپذیری.»**
(این بیشتر جنبه روانشناختی دارد و بر پذیرش نقش در",YES,YES,YES,NO,NO,NO,YES,YES,A,A gives an established idiom; B invents several proverb-like alternatives.
B136,search_by_scenario,دوستم یک بار در یک معامله ضرر کرده و حالا از هر معامله‌ای می‌ترسه. یه مثل مناسب برای وضعیتش بگو,"پیشنهاد ثبت‌شده: «مار گزیده از ریسمان سیاه و سفید می‌ترسد»
معنی: کسی که یک بار آسیب جدی دیده، پس از آن حتی از نشانه‌های بی‌خطرِ مشابه نیز می‌ترسد.","این وضعیت که دوست شما پس از یک ضرر، دچار ترس و اضطراب در مورد هر معامله‌ای شده، بسیار رایج است و به آن **ترس از ریسک (Risk Aversion)** یا **ترس از شکست (Fear of Failure)** می‌گویند.

برای او، یک مثل یا قصه کوتاه می‌تواند کمک کند تا بفهمد که ترس، مانع پیشرفت است و ریسک بخشی از مسیر موفقیت است.

در اینجا چند گزینه با لحن‌های مختلف (فلسفی، عملی، و داستانی) پیشنهاد می‌شود:

---

### ۱. مثل عملی و انگیزشی (تمرکز بر یادگیری)

**""مثل کشاورز و بذر""**

> ""تصور کن کشاورزی هستی که برای اولین بار می‌خواهد بذر بکارد. او می‌داند که اگر بذر را در خاک نریزد، هیچ محصولی نخواهد داشت. شاید اولین بذرش در آن فصل خراب شود، یا باران کافی نیاید. اما اگر او به خاطر ترس از اینکه بذر خراب شود، هرگز دست به خاک نزند، هرگز کشاورزی نخواهد شد. **ضرر تو مثل یک بذر خراب شده است؛ یک درس است که به تو می‌",YES,YES,YES,NO,NO,NA,YES,NO,A,A gives the conventional proverb; B provides a long analogy instead of a proverb.
B137,search_by_scenario,تیم ما سه تا مدیر داره و هرکدوم یه دستور متفاوت میدن و کار خراب شده. چه مثلی مناسبه؟,"پیشنهاد ثبت‌شده: «آشپز که دو تا شد آش یا شور می‌شود یا بی‌نمک»
معنی: تعدد مسئولان بدون هماهنگی، نتیجهٔ کار را خراب و نامتعادل می‌کند.","این موقعیت که سه مدیر با دستورات متفاوت باعث خراب شدن کار می‌شود، یک مشکل مدیریتی بسیار رایج و جدی است. برای اینکه بتوانید این وضعیت را به درستی تشریح کنید، بسته به اینکه مخاطب شما چه کسی است (همکار، مدیر بالاتر، یا برای تحلیل شخصی)، می‌توانید از مثال‌ها و استعاره‌های مختلفی استفاده کنید.

در اینجا چند مثال و استعاره مناسب با لحن‌های مختلف ارائه شده است:

---

### ۱. مثال‌های عملی و سازمانی (برای گزارش رسمی یا جلسات مدیریتی)

این مثال‌ها مستقیماً به فرآیند کاری اشاره دارند و نشان می‌دهند که مشکل در **عدم هماهنگی استراتژیک** است.

* **مثال ""نقشه راه متضاد"":** ""ما در حال تلاش برای رسیدن به یک مقصد هستیم، اما هر سه مدیر، نقشه‌ای متفاوت برای رسیدن به آن مقصد ارائه می‌دهند. یکی می‌گوید از مسیر A برویم، دیگری اصرار دارد از مسیر B برویم، و سومی می‌گوید باید از مسیر C شروع کنیم. نتیجه این است که ما در هر سه مسیر به جای رسیدن به هدف، در ترافیک و سردرگمی",YES,YES,YES,NO,NO,NA,YES,NO,A,A gives an apt established proverb; B gives management analogies rather than a proverb.
B138,search_by_scenario,یکی فقط حرف از شروع کسب‌وکار میزنه ولی هیچ کاری نمی‌کنه. یه عبارت مناسب بگو,"بسته به لحن و میزان صمیمیت شما با آن شخص، می‌توانید از عبارات مختلفی استفاده کنید. در اینجا چند گزینه با لحن‌های متفاوت آورده شده است:

---

### ۱. لحن دوستانه و ملایم (برای نصیحت کردن)

این عبارات مودبانه هستند و هدفشان تحریک به عمل است، نه سرزنش.

* **""خیلی خوبه که ایده‌پردازی می‌کنی، حالا وقتشه که یه قدم کوچیک برداری و شروع کنی.""** (تأکید بر حرکت)
* **""ایده‌پردازی عالیه، اما یادت باشه که 'شروع کردن' خودش یه جورایی شروع کسب‌وکاره.""** (تأکید بر اهمیت اقدام اولیه)
* **""بیا این ایده‌ها رو تبدیل به یه برنامه عملیاتی کنیم.""** (دعوت به برنامه‌ریزی عملی)

### ۲. لحن مستقیم و قاطع (وقتی نیاز به هشدار جدی است)

اگر این رفتار تکراری است و نیاز به یک شوک ملایم دارید.

* **""فقط حرف زدن، یه سرگرمیه؛ عمل کردن، یه کسب‌وکار.""**","پیشنهاد ثبت‌شده: «سگی که واق واق کنه، نمیگیره»
معنی: کسی که فقط تهدید و هیاهو می‌کند معمولاً توان یا جرئت اقدام واقعی ندارد.",YES,NA,YES,NO,NO,YES,NO,NO,A,"A gives relevant natural-language advice; B supplies a proverb about threats rather than inaction, so it is poorly matched."
B139,search_by_scenario,همکارم هر بار میگه بعداً انجام میدم و آخرش کلاً یادش میره. چه اصطلاحی براش مناسبه؟,"برای توصیف این وضعیت که همکارتان مدام می‌گوید ""بعداً انجام می‌دهم"" و در نهایت فراموش می‌کند، چندین اصطلاح و عبارت مناسب وجود دارد که بسته به لحن و میزان رسمی بودن موقعیت، می‌توانید از آن‌ها استفاده کنید:

---

### ۱. اصطلاحات رایج و محاوره‌ای (غیررسمی)

این‌ها برای صحبت کردن روزمره با همکاران مناسب هستند:

* **به تعویق انداختن (Procrastination):** این دقیق‌ترین اصطلاح روانشناختی است. یعنی کارهای مهم را به تعویق انداختن.
* **فراموشکار بودن:** ساده‌ترین و مستقیم‌ترین توصیف.
* **کارهای نیمه‌تمام رها کردن:** اگر کارها شروع شده ولی تمام نمی‌شوند.
* **""بعداً""‌گویی:** یک اصطلاح عامیانه برای اشاره به این عادت.

### ۲. اصطلاحات حرفه‌ای‌تر (رسمی‌تر)

اگر می‌خواهید در محیط کاری حرفه‌ای‌تر صحبت کنید، این موارد مناسب‌ترند:

* **عدم پیگیری (Lack of Follow-up):** این نشان می‌دهد که او پس از قول دادن، پی","پیشنهاد ثبت‌شده: «پشت گوش انداختن»
معنی: کاری را به تعویق و فراموشی سپردن.",NO,NA,YES,NO,YES,YES,YES,NO,B,A only labels the behavior; B gives the established idiom «پشت گوش انداختن».
B140,search_by_scenario,یکی خودش همیشه دیر میاد ولی بقیه رو بابت دیر رسیدن سرزنش میکنه. یه مثل مناسب بگو,"پیشنهاد ثبت‌شده: «دیگ به دیگ می‌گوید رویت سیاه»
معنی: کسی که خودش عیب دارد، دیگری را به همان عیب سرزنش می‌کند.","برای این موقعیت، چند تا مثل و عبارت مناسب وجود داره که بسته به لحن مورد نظرتون (تند، طنز، یا تأمل‌برانگیز) می‌تونید انتخاب کنید:

---

### ۱. برای تأکید بر ریاکاری و دوگانگی (رسمی‌تر و عمیق‌تر)

**«خودت آتش زدی و دیگران را سرزنش می‌کنی که سوخته‌شان شده‌اند.»**
*(این مثل به خوبی نشان می‌دهد که فرد خودش مقصر اصلی است، اما سعی می‌کند تقصیر را گردن دیگران بیندازد.)*

**«آینه را به سوی خودت برگردان، نه به سوی دیگران.»**
*(این یک توصیه است که به فرد یادآوری می‌کند قبل از قضاوت کردن دیگران، خودش را بررسی کند.)*

### ۲. برای لحن طنز و کنایه‌آمیز (سبک‌تر)

**«او استادِ تأخیر است، اما در سرزنش دیگران، نابغه.»**
*(این لحن کمی طنزآمیز است و تضاد رفتار او را برجسته می‌کند.)*

**«ساعتِ خودش را",YES,YES,YES,NO,YES,NO,YES,YES,A,A gives the exact proverb; B invents multiple proverb-like lines.
B141,search_by_scenario,یه نفر پولی رو خیلی راحت به دست آورده و خیلی راحت هم خرجش کرد. چه مثلی میخوره؟,"پیشنهاد ثبت‌شده: «باد آورده را باد می‌برد»
معنی: مالِ بی‌زحمت به‌آسانی از دست می‌رود.","این وضعیت می‌تواند با چندین اصطلاح و مفهوم مختلف توصیف شود، بسته به اینکه شما می‌خواهید بر کدام جنبه (سهولت کسب، بی‌خیالی در خرج کردن، یا هر دو) تأکید کنید.

در اینجا چند گزینه با درجات مختلف رسمی بودن و تأکید متفاوت آورده شده است:

---

### ۱. تأکید بر **سهولت کسب و خرج کردن (بی‌خیالی)**

اگر منظور این است که فرد بدون زحمت و با بی‌خیالی پول را به دست آورده و خرج کرده است:

* **پولدار بی‌خیال:** (ساده و مستقیم)
* **سرمایه‌دار خوش‌گذران:** (اگر پول از سرمایه‌گذاری آمده باشد و خرج کردنش تفریحی باشد)
* **کسی که پول را به راحتی به دست آورده و هدر داده است.** (توصیف کامل)

### ۲. تأکید بر **سهولت کسب (بدون تلاش)**

اگر تمرکز اصلی بر این باشد که پول به شکلی آسان و شاید غیرمنطقی به دست آمده است:

* **شانس‌دار:** (اگر موفقیت او به شانس وابسته باشد)
*",YES,YES,YES,NO,NO,NA,YES,NO,A,A gives the established proverb; B only offers descriptive labels.
B142,search_by_scenario,همه فکر می‌کردن حقیقت پنهان میمونه ولی بالاخره معلوم شد. یه مثل مناسب بگو,"چندین مثل و عبارت وجود دارد که بسته به لحن و تأکیدی که می‌خواهید داشته باشید، مناسب هستند. در اینجا چند گزینه با معانی متفاوت ارائه می‌دهم:

---

### ۱. تأکید بر آشکار شدن حقیقت (رسمی‌تر و ادبی‌تر)

* **""رازها همیشه تا ابد پنهان نمی‌مانند.""** (ساده و مستقیم)
* **""حقیقت، مانند خورشید، سرانجام طلوع می‌کند.""** (استعاری و زیبا، نشان می‌دهد که هر چقدر هم تاریک باشد، نور آن می‌آید.)
* **""پنهان‌کاری‌ها، دیر یا زود به پرده‌برداری می‌رسند.""** (کمی رسمی‌تر و تأکید بر فرآیند افشاگری)

### ۲. تأکید بر اجتناب‌ناپذیری افشاگری (قوی و قطعی)

* **""هر چیزی که زیر خاک دفن شود، بالاخره دوباره بیرون می‌آید.""** (بسیار محاوره‌ای و قوی، نشان می‌دهد که پنهان کردن دائمی نیست.)
* **""حقیقت، مانند آب، راه","پیشنهاد ثبت‌شده: «ماه پشت ابر نمی‌ماند»
معنی: حقیقت سرانجام آشکار می‌شود و پنهان نمی‌ماند.",YES,NO,YES,YES,YES,YES,YES,NO,B,A invents several poetic sayings; B gives an authentic proverb.
B143,search_by_scenario,دو نفر با علایق و رفتار خیلی شبیه هم سریع با هم دوست شدن. چه مثلی مناسبه؟,"پیشنهاد ثبت‌شده: «مثل سیبی که از وسط نصف کرده باشند»
معنی: برای دو فرد یا چیز بسیار شبیه و همسان است، گویی یک نمونه را دقیقاً به دو نیم کرده‌اند.","این موقعیت که دو نفر با علایق و رفتار بسیار شبیه به هم سریعاً دوست می‌شوند، می‌تواند با چندین مثال و تم مختلفی توصیف شود، بسته به اینکه می‌خواهید تأکید بر جنبه **همسویی (Compatibility)**، **سرعت (Speed)**، یا **همانندی (Similarity)** داشته باشید.

در اینجا چند مثال مناسب با لحن‌های مختلف ارائه شده است:

---

### ۱. مثال‌های ادبی و شاعرانه (تأکید بر هارمونی)

این مثال‌ها حس یک جور ""یافتن نیمه گمشده"" را منتقل می‌کنند:

* **""مثل دو قطره آب که به هم می‌رسند و یک جریان واحد می‌سازند.""** (تأکید بر یکپارچگی و سازگاری کامل)
* **""مانند دو نوت موسیقی که از ابتدا با هم تنظیم شده‌اند و بدون هیچ تلاشی، یک ملودی زیبا خلق می‌کنند.""** (تأکید بر هماهنگی ذاتی)
* **""مثل دو برگ از یک درخت که در یک باد، با هم تکان می‌خورند.""** (تأکید بر اشتراک در ماهیت و واکنش‌ها)

###",YES,YES,YES,NO,YES,NO,YES,YES,A,A provides an established idiom for strong similarity; B gives improvised metaphors rather than a proverb.
B144,search_by_scenario,یک نفر بدون هیچ بررسی وارد یه کار پرریسک شده. چه اصطلاحی براش داریم؟,"برای توصیف کسی که بدون هیچ بررسی وارد یک کار پرریسک می‌شود، چندین اصطلاح و عبارت وجود دارد که بسته به لحن و شدت مورد نظر شما، می‌توانید از آن‌ها استفاده کنید.

در اینجا چند گزینه با تفاوت‌های معنایی آورده شده است:

### ۱. اصطلاحات عمومی و رایج (تأکید بر بی‌احتیاطی)

* **بی‌احتیاط:** (رایج‌ترین و عمومی‌ترین) کسی که مراقبت لازم را انجام نمی‌دهد.
* **بی‌پروا:** (تأکید بر بی‌توجهی به عواقب) کسی که اهمیتی به خطر نمی‌دهد.
* **بی‌دقت:** (اگر مشکل اصلی عدم توجه به جزئیات باشد)
* **ریسک‌پذیر (یا ریسک‌گرا):** (اگر این رفتار بخشی از شخصیت او باشد و او از ریسک لذت ببرد، نه اینکه صرفاً اشتباه کرده باشد.)

### ۲. اصطلاحات تأکید بر عجله و بی‌تفاوتی (تأکید بر اقدام ناگهانی)

* **سریع‌لوح (یا عجول):** کسی که بدون فکر کردن، سریع عمل","پیشنهاد ثبت‌شده: «بی‌گدار به آب زدن»
معنی: بدون سنجش و احتیاط دست به کاری خطرناک زدن.",NO,NA,YES,NO,YES,YES,YES,NO,B,A gives adjectives rather than the requested idiom; B gives the established expression.
B145,search_by_scenario,برای اصلاح یه مشکل کوچیک کاری کردن که مشکل خیلی بزرگ‌تری درست شد. یه مثل مناسب بگو,شواهد کافی برای ارائهٔ یک عبارت ثبت‌شده و قابل اتکا پیدا نشد.,"این موقعیت که با انجام یک کار کوچک، یک مشکل بزرگتر حل می‌شود، در فرهنگ‌ها و ادبیات مختلف مثال‌های زیبایی دارد. در اینجا چند گزینه با لحن‌های مختلف برای شما آورده شده است:

---

### ۱. مثال‌های کلاسیک و حکیمانه (تأکید بر اهمیت جزئیات)

این مثال‌ها نشان می‌دهند که کوچک‌ترین اقدام می‌تواند تأثیر عظیمی داشته باشد.

* **""یک قطره آب می‌تواند سنگ را بساید.""** (این مثال بسیار رایج است و نشان می‌دهد که پایداری و تداوم کارهای کوچک، در نهایت بزرگ‌ترین موانع را از بین می‌برد.)
* **""تغییرات کوچک، بزرگ‌ترین تحولات را رقم می‌زنند.""** (این بیشتر یک اصل مدیریتی یا فلسفی است که بر قدرت انباشت‌پذیری تأکید دارد.)
* **""نخ‌های کوچک، بافته شده در کنار هم، پارچه‌ای مستحکم می‌سازند.""** (این مثال بر اهمیت اتصال و تکمیل جزئیات تأکید دارد.)

### ۲. مثال‌های فنی و عملی (تأکید بر رفع ریشه مشکل)

اگر می‌خواهید لحن",NO,NA,NA,NO,NO,NO,NO,YES,A,"Neither answers correctly; B also misreads the scenario and invents irrelevant sayings, so A is safer."
B146,search_by_scenario,یکی کلی تشریفات و ظاهر درست کرده ولی اصل کار هیچ کیفیتی نداره. چه مثلی بگیم؟,"پیشنهاد ثبت‌شده: «آفتابه لگن هفت دست، ولی شام و ناهار هیچی»
معنی: برای وضعیتی است که ظاهر و تشریفات فراوان دارد، اما از محتوای اصلی خبری نیست.","برای توصیف کسی که ظاهر و تشریفات زیادی دارد اما محتوای کارش بی‌کیفیت است، می‌توانید از چندین اصطلاح و عبارت بسته به لحن و شدت مورد نظر خود استفاده کنید. در اینجا چند گزینه با درجات مختلف ارائه شده است:

---

### ۱. اصطلاحات رایج و عمومی (توصیف کلی)

این‌ها برای موقعیت‌های روزمره و حرفه‌ای مناسب هستند:

* **ظاهر‌گرا (یا نمایشی):** این کلمه مستقیماً به تمرکز بر ظاهر و جلوه اشاره دارد، نه محتوا.
* **بیش از حد تزئینی:** یعنی بیشتر روی تزئینات و ظاهر تمرکز کرده تا جوهر اصلی.
* **پوسته پوسته:** (استعاری) یعنی فقط یک لایه بیرونی زیبا دارد، اما داخلش خالی است.
* **فقط قشر است:** یعنی فقط ظاهر و پوشش دارد، عمق و محتوا ندارد.

### ۲. اصطلاحات ادبی و کنایه‌آمیز (برای بیان انتقاد قوی‌تر)

اگر می‌خواهید انتقاد خود را با لحنی ادبی‌تر یا کنایه‌آمیز بیان کنید",YES,YES,YES,NO,NO,NA,YES,NO,A,A gives the established proverb; B only supplies descriptive labels.
B147,search_by_scenario,فردی از چیزی که بهش نرسیده بد میگه و وانمود میکنه اصلاً خوب نبوده. یه مثل مناسب میخوام,"برای توصیف فردی که از چیزی که به دست نیاورده یا به آن نرسیده، بدگویی می‌کند و وانمود می‌کند که اصلاً خوب نبوده، چندین اصطلاح و مثل فارسی وجود دارد که بسته به لحن و شدت مورد نظر شما، می‌توانید از آن‌ها استفاده کنید.

در اینجا چند گزینه با تفاوت‌های ظریف ارائه شده است:

---

### ۱. اصطلاحات رایج و مستقیم (تأکید بر حسادت و ناامیدی)

* **""از روی حسادت حرف می‌زند.""** (ساده‌ترین و مستقیم‌ترین توضیح)
* **""از روی ناکامی بدگویی می‌کند.""** (تأکید بر اینکه دلیل بدگویی، عدم رسیدن به هدف است.)
* **""از روی دلشکستگی (یا دل‌شکستگی) حرف می‌زند.""** (اگر منظور این باشد که از دست دادن یا نرسیدن به چیزی، او را ناراحت کرده است.)

### ۲. امثال و ضرب‌المثل‌های مناسب (تأکید بر تضاد بین کلام و واقعیت)

این موارد بیشتر جنبه کنایه‌آمیز دارند:

* **""از روی دل‌شک","پیشنهاد ثبت‌شده: «گربه دستش به گوشت نمیرسه میگه پیف پیف بو میده»
معنی: کسی چون به خواسته‌اش نمی‌رسد، آن را بی‌ارزش یا نامطلوب جلوه می‌دهد.",NO,NA,YES,NO,YES,YES,YES,NO,B,A describes the attitude but does not supply a proverb; B gives an established apt saying.
B148,search_by_scenario,کسی از فرصت خوبی که الان جلوشه استفاده نمی‌کنه و ممکنه از دست بره. چه مثلی مناسبه؟,"این وضعیت که کسی از فرصت خوبی که در مقابلش قرار دارد استفاده نمی‌کند و ممکن است آن فرصت از دست برود، در ادبیات و زندگی روزمره مثال‌های بسیار زیادی دارد. انتخاب بهترین مثال بستگی به لحن و زمینه‌ای دارد که می‌خواهید این مفهوم را بیان کنید (مثلاً ادبی، روزمره، یا انگیزشی).

در اینجا چند دسته مثال مناسب ارائه شده است:

---

### ۱. مثال‌های ادبی و استعاری (برای بیان عمیق‌تر)

این مثال‌ها برای متون، سخنرانی‌ها یا مکالمات جدی مناسب هستند:

* **""گذر از فرصت طلایی"" (The Golden Opportunity):** این یک اصطلاح رایج است. وقتی فرصتی به قدری ارزشمند است که مانند طلا توصیف می‌شود، و فرد آن را نادیده می‌گیرد.
* **""پایان دادن به فصل قبل، بدون شروع فصل جدید"":** این استعاره نشان می‌دهد که فرصت‌ها مانند فصل‌های زندگی هستند؛ اگر در زمان مناسبی اقدام نکنید، آن فصل به پایان می‌رسد و شما در انتظار فصل بعدی می‌مانید.
* **""گذر از پنجره فرصت"":** این",شواهد کافی برای ارائهٔ یک عبارت ثبت‌شده و قابل اتکا پیدا نشد.,NO,NA,YES,NO,NO,NA,NA,NO,A,Neither supplies a proper proverb; A at least gives relevant opportunity language.
B149,search_by_scenario,یکی خیلی حرف میزنه ولی عملش تقریباً صفره. یه مثل کوتاه و مناسب بگو,"پیشنهاد ثبت‌شده: «دوصد گفته چون نیم کردار نیست»
معنی: صد سخن به‌اندازهٔ نیمی از یک عمل ارزش ندارد.","چند تا مثل کوتاه و مناسب با توجه به این وضعیت وجود داره، بسته به اینکه می‌خوای لحنت چقدر تند یا ملایم باشه:

**گزینه‌های مستقیم و تند (تأکید بر تفاوت حرف و عمل):**

1. **""زبانش پر از گل است، اما دستش خالی.""** (این یکی خیلی رایج و گویاست.)
2. **""بیشتر حرف می‌زند تا کار کند.""** (ساده و مستقیم.)
3. **""فقط پرده‌بندی می‌کند، محتوا ندارد.""** (کمی مدرن‌تر و انتقادی.)

**گزینه‌های کنایه‌آمیز و ملایم‌تر (تأکید بر وعده و عمل):**

4. **""سخنور است، اما عمل‌گرا نیست.""** (رسمی‌تر و دقیق.)
5. **""بیشتر در خیال است تا در واقعیت.""** (اشاره به اینکه فقط در ذهن حرف می‌زند.)

---

**بهترین و پرکاربردترین گزینه:**

اگر دنبال یک مثل کوتاه و ضرب‌المثل‌گونه هستی، **""زبانش پر از",YES,YES,YES,NO,YES,NO,YES,YES,A,A gives an authentic concise proverb; B invents alternatives.
B150,search_by_scenario,کسی موفق شده ولی هرچی جلوتر میره متواضع‌تر میشه. چه مثلی براش خوبه؟,"پیشنهاد ثبت‌شده: «درخت هرچه بارش بیشتر شود سربه‌زیرتر می‌شود»
معنی: هرچه دانش، توانایی و دستاورد انسان بیشتر باشد، شایسته است فروتن‌تر شود.","این یک ویژگی بسیار ارزشمند و قابل تحسین است. افرادی که با موفقیت پیش می‌روند اما در عین حال متواضع باقی می‌مانند، معمولاً عمیق‌تر، باهوش‌تر و با بلوغ بیشتری هستند.

برای چنین فردی، مثال‌ها باید نشان دهند که **موفقیت واقعی با فروتنی همراه است** و اینکه او از جایگاه خود برای غرور استفاده نمی‌کند، بلکه برای کمک به دیگران و پیشبرد اهداف بزرگتر استفاده می‌کند.

در اینجا چند نوع مثال و رویکرد مختلف ارائه می‌شود که بسته به زمینه (کار، علم، هنر، زندگی شخصی) می‌توانید از آن‌ها استفاده کنید:

---

### ۱. مثال‌های تاریخی و بزرگ (برای تأثیرگذاری عمیق)

این افراد نماد این ویژگی هستند:

* **آلبرت اینشتین (Albert Einstein):** او یکی از بزرگترین ذهن‌های تاریخ بود، اما همیشه با فروتنی، کنجکاوی و احترام به دیدگاه‌های دیگران شناخته می‌شد. او هرگز ادعای دانستن همه چیز را نمی‌کرد.
* **نلسون ماندلا (Nelson Mandela):** او نماد مقاومت و موفقیت عظیم بود،",YES,YES,YES,NO,NO,NA,YES,NO,A,A gives the conventional proverb; B gives examples and discussion instead of a proverb.
B151,search_by_scenario,یک نفر فقط از روی ظاهر درباره کیفیت چیزی قضاوت میکنه. چه مثلی مناسبه؟,"این رفتار که کسی فقط بر اساس ظاهر قضاوت می‌کند، بسیار رایج است و در فرهنگ‌های مختلف با نام‌های مختلفی شناخته می‌شود. برای مثال، می‌توان از موارد زیر استفاده کرد:

### مثال‌های کلی و رایج:

1. **قضاوت بر اساس ظاهر افراد (ظاهر و شخصیت):**
   * **مثال:** ""او فقط از روی لباس‌های گران‌قیمت کسی را قضاوت می‌کند و فکر می‌کند حتماً بسیار موفق و باهوش است، در حالی که ممکن است هیچ تخصص یا دانشی نداشته باشد.""
   * **توضیح:** این رایج‌ترین مثال است؛ قضاوت کردن شخصیت، هوش یا اخلاق فرد صرفاً بر اساس پوشش، ظاهر فیزیکی یا برند لباس‌هایش.

2. **قضاوت بر اساس ظاهر محصولات (کیفیت کالا):**
   * **مثال:** ""او همیشه فکر می‌کند اگر بسته‌بندی یک محصول شیک و براق نباشد، حتماً کیفیت داخلی آن هم پایین است.""
   * **توضیح:** این در مورد کالاهایی مانند لوازم الکترونیکی، خوراکی‌ها یا صنایع دستی صدق می‌کند؛ ظاهر زیبا","پیشنهاد ثبت‌شده: «هر گردی گردو نیست»
معنی: ظاهر خوب و فریبنده‌ی هر چیز دلیل بر اصل و کیفیت آن نیست.",NO,NA,YES,NO,YES,YES,YES,NO,B,A gives examples of superficial judgment rather than a proverb; B provides the apt established saying.
B152,search_by_scenario,دوستم میگه دیگه برای شروع درس خوندن دیر شده؛ یه ضرب المثل امیدوارکننده بگو,"به دوستت بگو این ضرب‌المثل رو:

**""بهترین زمان برای کاشتن درخت، سال پیش بود. دومین بهترین زمان، همین الان است.""**

**چرا این ضرب‌المثل مناسب است؟**

این ضرب‌المثل به او یادآوری می‌کند که مهم نیست چقدر دیر فکر می‌کند، **همیشه فرصت شروع کردن وجود دارد.** تأکید می‌کند که تأخیر گذشته را نباید بهانه‌ای برای توقف امروز دانست.

**یا اگر کمی انگیزشی‌تر می‌خواهی، این یکی هم خوب است:**

**""سقوط کردن شکست نیست؛ ماندن در جای سقوط هم شکست است.""**

این جمله به او می‌گوید که اگر احساس می‌کند عقب مانده، مهم این است که از این نقطه به بعد، دوباره بلند شود و حرکت کند.","پیشنهاد ثبت‌شده: «ماهی را هر وقت از آب بگیری تازه است»
معنی: برای جبران و شروع دوباره هیچ‌وقت دیر نیست.",YES,YES,YES,NO,YES,YES,YES,NO,B,Both are helpful and authentic; B is more directly aligned with the Persian fixed-expression task.
B153,search_by_scenario,کسی از ترس دردسر وارد موضوعی که بهش ربطی نداره نمیشه. یه مثل مناسب بگو,"پیشنهاد ثبت‌شده: «آسه برو آسه بیا که گربه شاخت نزند»
معنی: با احتیاط و بی‌سروصدا رفتار کن تا بی‌جهت گرفتار مخالفت و دردسر نشوی.","این مفهوم که ترس از دردسر باعث می‌شود فرد از موضوعی که به او ربطی ندارد دوری کند، در فرهنگ‌ها و ادبیات مختلفی منعکس شده است. یک مثال بسیار مناسب و رایج برای این وضعیت، **""سنگ در کفش""** یا **""نگاه کردن به سایه""** است، اما اگر بخواهیم یک مثال داستانی یا ضرب‌المثل دقیق‌تر بزنیم، این موارد مطرح می‌شوند:

---

### ۱. مثال ضرب‌المثل (تمرکز بر اجتناب از مشکل)

**""از ترسِ باد، درخت را از ریشه در می‌آورند.""**

**توضیح:** این ضرب‌المثل به این معناست که افراد به جای اینکه با یک مشکل کوچک یا یک ریسک قابل مدیریت (باد)، از ترسِ وقوع یک مشکل بزرگ‌تر یا پیچیده‌تر (دردسر) طفره می‌روند و کلاً از آن موضوع یا موقعیت دوری می‌کنند، حتی اگر آن موضوع به طور مستقیم با آن‌ها در ارتباط نباشد.

### ۲. مثال ادبی/روانشناختی (تمرکز بر ترس از ناشناخته)

**""ترس از تاریکی، باعث می‌شود کسی از بیرون خانه بیرون",YES,YES,YES,NO,YES,NO,NO,YES,A,A gives a real cautionary saying reasonably suited to avoiding trouble; B invents an unsupported proverb.
B154,search_by_scenario,یکی میخواد نتیجه یه پروژه رو قبل از تموم شدن قطعی اعلام کنه. چه مثلی بگم؟,"بسته به اینکه **چرا** می‌خواد این کار رو بکنه و **چه نوع پروژه‌ای** هست، لحن و محتوای پیام شما باید متفاوت باشه.

در اینجا چند سناریو و مثال مختلف ارائه شده است تا بتوانید بهترین گزینه را انتخاب کنید:

---

### 💡 سناریو ۱: اعلام پیشرفت مثبت (Good News)
اگر می‌خواهید بگویید که پروژه خیلی خوب پیش می‌رود و احتمالاً زودتر از موعد تمام می‌شود.

**لحن:** خوش‌بینانه، اطمینان‌بخش، حرفه‌ای.

**مثال‌ها:**

1. **(رسمی و حرفه‌ای):** ""با توجه به پیشرفت‌های چشمگیر در فاز [نام فاز]، تیم ما پیش‌بینی می‌کند که می‌توانیم با حفظ کیفیت، پروژه را کمی زودتر از برنامه زمان‌بندی شده به اتمام برسانیم. در حال حاضر، ما در مسیر [تخمین جدید] هستیم.""
2. **(صمیمی‌تر):** ""خبر خوب! ما در حال حاضر خیلی خوب پیش می‌رویم و به نظر می‌رسد که می‌توانیم این پروژه را کمی زودتر از موعد مقرر تحویل ده",شواهد کافی برای ارائهٔ یک عبارت ثبت‌شده و قابل اتکا پیدا نشد.,NO,NA,YES,NO,NO,NA,NA,NO,TIE,Neither provides the requested proverb; A gives general project advice while B abstains.
B155,search_by_scenario,طرف برای یه موضوع خیلی ساده کلی راه اضافه و پیچیده ساخته. چه اصطلاحی میخوره؟,"پیشنهاد ثبت‌شده: «لقمه را دور سر چرخاندن»
معنی: کاری ساده را بیهوده پیچیده و دشوار کردن.","برای توصیف کسی که برای یک موضوع خیلی ساده، کلی راه اضافه و پیچیده می‌سازد، چندین اصطلاح و عبارت وجود دارد که بسته به لحن و شدت مورد نظر شما، می‌توانید از آن‌ها استفاده کنید:

### اصطلاحات رایج و عمومی (توصیف رفتار)

1. **پیچه‌ساز (Over-complicator):** این کلمه مستقیماً به کسی اشاره دارد که مسائل ساده را پیچیده می‌کند.
2. **بیش‌تخصصی‌گرا (Over-specialized/Over-engineered):** اگر تمرکز بر روی اضافه کردن جزئیات غیرضروری باشد.
3. **تکلیف‌ساز (Over-elaborator):** کسی که بیش از حد روی جزئیات و مراحل تأکید می‌کند.

### اصطلاحات رسمی‌تر یا حرفه‌ای‌تر (در محیط کار)

4. **Over-engineering (مهندسی بیش از حد):** این اصطلاح فنی است و زمانی استفاده می‌شود که یک راه‌حل بسیار پیچیده‌تر از حد نیاز برای یک مشکل ساده طراحی شده باشد.
5. **Analysis Paralysis (فلج تحلیلی):** اگر این پیچیدگی باعث شود که اصلاً نتوان",YES,YES,YES,NO,NO,NA,YES,NO,A,A gives the established idiom; B gives technical/descriptive labels instead.
B156,retrieve_multiple,دو ضرب المثل درباره تلاش و پشتکار بگو,شواهد کافی برای ارائهٔ یک عبارت ثبت‌شده و قابل اتکا پیدا نشد.,"در اینجا دو ضرب‌المثل درباره تلاش و پشتکار برای شما آورده شده است:

**۱. کوشش بی‌وقفه، پیروزی تضمین‌شده است.**
(این ضرب‌المثل تأکید می‌کند که اگر فرد بدون وقفه و با پشتکار به هدف خود ادامه دهد، موفقیت حتماً نصیب او خواهد شد.)

**۲. قطره قطره، دریا می‌شود.**
(این ضرب‌المثل نشان می‌دهد که حتی کارهای کوچک و مداوم و پیوسته (مثل تلاش‌های کوچک روزانه) در طول زمان می‌توانند به نتایج بسیار بزرگ و چشمگیری منجر شوند.)",NO,NA,NA,NO,NO,NO,YES,YES,A,A safely abstains; B gives one approximate real proverb and one fabricated proverb-like line.
B157,retrieve_multiple,دو ضرب المثل درباره صبر و گذشت زمان پیشنهاد بده,شواهد کافی برای ارائهٔ یک عبارت ثبت‌شده و قابل اتکا پیدا نشد.,"در اینجا دو ضرب‌المثل درباره **صبر** و **گذشت زمان** برای شما آورده شده است:

---

### ۱. درباره صبر (اهمیت تحمل و انتظار)

**""صبر، کلید گنج است.""**

* **معنی:** این ضرب‌المثل بیان می‌کند که موفقیت‌ها، ثروت‌ها یا رسیدن به اهداف بزرگ، به سادگی به دست نمی‌آیند؛ بلکه نیاز به صبر، استقامت و تحمل سختی‌ها در طول زمان دارند. صبر، ابزاری است که ما را به نتیجه نهایی می‌رساند.

### ۲. درباره گذشت زمان (تغییر و تأثیر زمان)

**""زمان همه چیز را تغییر می‌دهد.""**

* **معنی:** این ضرب‌المثل تأکید می‌کند که زمان یک نیروی مداوم و تغییردهنده است. هیچ چیز در جهان ثابت نیست؛ چه شرایط، چه افراد، چه موقعیت‌ها و چه خود ما، با گذشت زمان دگرگون می‌شوند. این می‌تواند هم به معنای امید (تغییر به سمت بهتر) و هم هشدار (تغییر به سمت بدتر) باشد.

---

**💡 نکته تکمیلی (",NO,NA,NA,NO,NO,NO,YES,YES,A,A safely abstains; B presents generic sayings as proverbs.
B158,retrieve_multiple,سه عبارت درباره همکاری و کار گروهی میخوام,"در اینجا سه عبارت درباره همکاری و کار گروهی برای شما آورده شده است:

**۱. ""قدرت جمعی، از مجموع توانایی‌های فردی فراتر می‌رود؛ در همکاری، ما بزرگتر از خودمان هستیم.""**
*(این عبارت بر این تأکید دارد که نتیجه کار گروهی، صرفاً جمع کردن مهارت‌های افراد نیست، بلکه خلق چیزی جدید و بزرگتر است.)*

**۲. ""در یک تیم موفق، هر عضو نه تنها نقش خود را انجام می‌دهد، بلکه به موفقیت هم‌تیمی‌هایش نیز کمک می‌کند.""**
*(این عبارت بر اهمیت حمایت متقابل، همدلی و مسئولیت‌پذیری در قبال کل گروه تأکید دارد.)*

**۳. ""تنوع دیدگاه‌ها، موتور محرک نوآوری است؛ همکاری، بستری است که این دیدگاه‌ها در آن شکوفا می‌شوند.""**
*(این عبارت بر این نکته تمرکز دارد که اختلاف نظر و تنوع فکری، اگر در محیطی سازنده و مشارکتی (همکاری) قرار گیرند، منجر به بهترین ایده‌ها می‌شوند.)*",شواهد کافی برای ارائهٔ یک عبارت ثبت‌شده و قابل اتکا پیدا نشد.,YES,NA,YES,NO,NO,NA,NA,NO,A,"The user asked for three expressions, not necessarily proverbs; A provides three relevant expressions while B abstains."
B159,retrieve_multiple,دو ضرب المثل درباره استفاده از فرصت بگو,"عبارت‌های ثبت‌شده:
1. «تا تنور گرم است نان را بچسبان» — از فرصت در زمان مناسبش به‌موقع استفاده کن.
2. «تا تنور گرمه نون‌و بچسبون» — باید فرصت مناسب را پیش از آنکه از دست برود سریع و درست به‌کار گرفت.","در اینجا دو ضرب‌المثل درباره استفاده از فرصت آورده شده است:

**۱. فرصت‌ها مثل پرندگان هستند، اگر آن‌ها را ندیدی، پرواز می‌کنند.**
(این ضرب‌المثل بر این ایده تأکید دارد که فرصت‌ها زودگذر هستند و اگر سریع عمل نکنید، از دست خواهند رفت.)

**۲. وقت طلایی را تلف نکن.**
(این ضرب‌المثل به طور مستقیم به اهمیت استفاده بهینه از زمان و فرصت‌ها اشاره دارد و هشدار می‌دهد که نباید فرصت‌ها را به تأخیر انداخت یا هدر داد.)",NO,YES,YES,NO,NO,NO,YES,YES,A,"A returns two surface variants of the same proverb rather than two distinct proverbs, but B fabricates both suggestions."
B160,retrieve_multiple,سه مثل درباره نتیجه اعمال آدم پیشنهاد بده,شواهد کافی برای ارائهٔ یک عبارت ثبت‌شده و قابل اتکا پیدا نشد.,"در اینجا سه مثالی درباره نتیجه اعمال آدم آورده شده است که جنبه‌های مختلفی از این موضوع را پوشش می‌دهند:

---

### ۱. کاشتن بذر نیکوکاری (نتیجه مثبت)

**داستان:**
در روستایی کوچک، پیرمردی زندگی می‌کرد که همیشه با مهربانی و سخاوت شناخته می‌شد. او هر روز، حتی اگر خودش نیازمند بود، کمی از غذایش را به کودکان فقیر یا همسایه‌ای که بیمار بود، می‌داد. او هرگز انتظار پاداش نداشت، فقط از دیدن لبخند و آرامش در دل دیگران لذت می‌برد.

سال‌ها گذشت. یک سال، سیل بزرگی منطقه را در هم کشید و همه چیز از بین رفت. مردم در سختی و ناامیدی بودند. در اوج این بحران، همان پیرمرد، با وجود اینکه خودش کمبود داشت، اولین کسی بود که با تمام توانش به کمک به همسایگان آسیب‌دیده می‌شتافت. او با منابع اندک خود، کمک‌های اولیه را سازماندهی کرد و امید را در دل‌ها زنده نگه داشت.

**نتیجه:**
اعمال نیکوکاری و",NO,NA,NA,NO,NO,NA,YES,NO,A,"Neither gives three proverbs; B gives stories rather than proverbs, while A safely abstains."
B161,retrieve_multiple,دو ضرب المثل درباره ظاهر و باطن بگو,شواهد کافی برای ارائهٔ یک عبارت ثبت‌شده و قابل اتکا پیدا نشد.,"در اینجا دو ضرب‌المثل درباره ظاهر و باطن برای شما آورده شده است:

**۱. ظاهر فریبنده است، باطن حقیقت دارد.**
(این ضرب‌المثل تأکید می‌کند که نباید صرفاً بر اساس آنچه در ظاهر می‌بینیم، قضاوت کنیم؛ زیرا آنچه در درون یک شخص یا چیز نهفته است، ممکن است کاملاً متفاوت باشد.)

**۲. آنچه در دل است، از آنچه در رخ است، مهم‌تر است.**
(این ضرب‌المثل بر اهمیت ارزش‌های درونی، شخصیت، نیت و اخلاق تأکید دارد و می‌گوید که زیبایی یا ظاهر بیرونی، در مقایسه با خوبی‌ها و عمق وجودی، اهمیت کمتری دارد.)",NO,NA,NA,NO,NO,NO,YES,YES,A,A safely abstains; B presents generic constructed sentences as proverbs.
B162,retrieve_multiple,دو مثل درباره احتیاط و فکر کردن قبل از عمل میخوام,"حتماً. در اینجا دو مثلی درباره احتیاط و فکر کردن قبل از عمل برای شما آورده شده است:

---

### ۱. مثل در مورد کاشتن بذر (احتیاط در شروع کار)

**«کشتکار دانا، قبل از کاشتن بذر، خاک را با دقت می‌بیند و مطمئن می‌شود که زمین مناسب است؛ زیرا اگر در خاک نامناسبی بپارد، هر چقدر هم تلاش کند، محصول خوبی نخواهد داشت.»**

**معنی:** این مثل بر اهمیت **بررسی شرایط و ارزیابی دقیق موقعیت** قبل از شروع هر کاری تأکید دارد. مانند کشاورز، اگر قبل از شروع یک پروژه، یک تصمیم مهم، یا یک رابطه، به درستی فکر نکنیم و شرایط را نپذیریم، نتیجه نهایی احتمالاً ناامیدکننده خواهد بود. احتیاط در برنامه‌ریزی، تضمین‌کننده موفقیت است.

---

### ۲. مثل در مورد عبور از رودخانه (فکر کردن قبل از اقدام)

**«کسی که با عجله از رودخانه پرخطر می‌جهد، ممکن است در میان جریان‌های ناگهانی غرق شود؛ اما کسی که ابتدا عمق آب را",شواهد کافی برای ارائهٔ یک عبارت ثبت‌شده و قابل اتکا پیدا نشد.,NO,NO,YES,YES,NO,NA,NA,NO,B,A invents two long “proverbs”; B safely abstains.
B163,retrieve_multiple,سه عبارت درباره پول و مال بگو,,"در اینجا سه عبارت درباره پول و مال آورده شده است:

۱. **پول ابزاری است، نه هدف نهایی.** (این عبارت تأکید می‌کند که پول صرفاً وسیله‌ای برای رسیدن به اهداف بزرگ‌تر مانند امنیت، آزادی یا خوشبختی است، نه خودِ هدف.)
۲. **مال می‌تواند امنیت بیاورد، اما نمی‌تواند آرامش درونی ایجاد کند.** (این جمله تفاوت بین ثروت مادی و سلامت روانی را نشان می‌دهد؛ پول می‌تواند نیازهای فیزیکی را برطرف کند، اما نمی‌تواند خلأ عاطفی را پر کند.)
۳. **مدیریت هوشمندانه مال، کلید استقلال و آزادی است.** (این عبارت بر اهمیت مهارت‌های مالی و برنامه‌ریزی تأکید دارد؛ داشتن پول زیاد به تنهایی کافی نیست، بلکه نحوه استفاده و مدیریت آن است که فرد را آزاد می‌سازد.)",NO,NA,NA,NO,YES,NA,YES,NO,B,A is blank; B provides three relevant ordinary statements as requested.
B164,retrieve_multiple,دو ضرب المثل درباره تجربه و درس گرفتن پیشنهاد بده,"در اینجا چند ضرب‌المثل درباره تجربه و درس گرفتن برای شما آورده شده است، با تأکید بر جنبه‌های مختلف این موضوع:

**۱. تأکید بر اهمیت تجربه (یادگیری از عمل):**

* **""تجربه بهترین معلم است.""** (این ساده‌ترین و مستقیم‌ترین بیان است که نشان می‌دهد عمل کردن و مواجهه با شرایط، ارزشمندتر از تئوری محض است.)
* **""از اشتباهات گذشته درس بگیر تا در آینده موفق باشی.""** (این ضرب‌المثل بر جنبه پیشگیرانه یادگیری تأکید دارد؛ یعنی اشتباه نباید تکرار شود.)

**۲. تأکید بر ارزش درس گرفتن (حکمت):**

* **""هر شکست، یک درس پنهان است.""** (این دیدگاه مثبت‌نگرانه، شکست را نه به عنوان پایان، بلکه به عنوان یک فرصت یادگیری می‌بیند.)
* **""کسی که از تجربه درس نمی‌گیرد، دو بار همان اشتباه را تکرار می‌کند.""** (این ضرب‌المثل هشدار می‌دهد که عدم یادگیری، منجر به تکرار درد و رنج خواهد شد.)

**۳. ترکیب تجربه و",شواهد کافی برای ارائهٔ یک عبارت ثبت‌شده و قابل اتکا پیدا نشد.,YES,YES,YES,YES,NO,NA,NA,NO,A,"A includes at least two relevant familiar sayings, though it also adds improvised ones; B abstains."
B165,retrieve_multiple,دو مثل درباره حرف زدن و سکوت بگو,"در اینجا دو مثل درباره حرف زدن و سکوت برای شما آورده شده است:

**۱. سکوت گاهی حرفی سنگین‌تر از هزار کلمه دارد.**

* **معنی:** این مثل بر قدرت سکوت تأکید می‌کند. گاهی اوقات، وقتی کلمات مناسبی برای بیان احساسات، اعتراض یا حقیقت وجود ندارد، یا وقتی صحبت کردن می‌تواند اوضاع را بدتر کند، سکوت کردن هوشمندانه‌تر و تأثیرگذارتر است. سکوت می‌تواند نشان‌دهنده عمق تفکر، احترام، یا حتی اعتراض پنهان باشد.

**۲. هر کلمه‌ای که بی‌مورد گفته شود، مانند دانه‌ای است که در باد پراکنده می‌شود.**

* **معنی:** این مثل هشدار می‌دهد که باید در حرف زدن بسیار محتاط بود. کلمات، مانند دانه‌ها، اگر با دقت و هدف کاشته نشوند (یعنی با فکر و قصد درست گفته نشوند)، به راحتی در هوا پراکنده شده و هیچ ارزشی باقی نمی‌گذارند. این به ما یادآوری می‌کند که قبل از صحبت کردن، باید تأمل کنیم که آیا حرف ما مفید، درست و ضروری است یا خیر.",شواهد کافی برای ارائهٔ یک عبارت ثبت‌شده و قابل اتکا پیدا نشد.,NO,NO,YES,YES,NO,NA,NA,NO,B,A invents two sayings and labels them as proverbs; B safely abstains.
B166,attest_and_explain,آیا «هر که بامش بیش برفش بیشتر» در پیکره ثبت شده؟ اگر بله معنی کوتاهش رو هم بگو,"این عبارت در پیکرهٔ فعلی ثبت شده است: «هر که بامش بیش برفش بیشتر»
معنی: هر که موقعیت و دارایی بزرگ‌تری دارد، گرفتاری و مسئولیتش هم بیشتر است.","من به عنوان یک مدل زبان، به پایگاه‌های داده یا پیکره‌های خاصی که شما به آن‌ها اشاره می‌کنید، دسترسی ندارم. بنابراین، نمی‌توانم به طور قطعی بگویم که این ضرب‌المثل (""هر که بامش بیش برفش بیشتر"") در ""پیکره"" ثبت شده است یا خیر.

**اما می‌توانم در مورد خود این ضرب‌المثل توضیح دهم:**

این عبارت یک **ضرب‌المثل** یا **اصطلاح** فارسی بسیار رایج است.

**معنی کوتاه آن:**

این ضرب‌المثل به این معناست که **هر کس مقام، جایگاه، یا مسئولیت بالاتری داشته باشد، مسئولیت‌ها و مشکلات بیشتری نیز بر عهده خواهد داشت.**

به عبارت دیگر، با افزایش قدرت یا موقعیت، افزایش بار مسئولیت و دشواری‌ها نیز همراه است.",YES,YES,YES,NO,NO,YES,YES,NO,A,B gives the correct meaning but cannot answer registration in the current corpus.
B167,attest_and_explain,آیا «کوه به کوه نمی‌رسد آدم به آدم می‌رسد» در پیکره ثبت شده؟ اگر بله معنی کوتاهش رو هم بگو,"این عبارت در پیکرهٔ فعلی ثبت شده است: «کوه به کوه نمی‌رسد آدم به آدم می‌رسد»
معنی: کوه‌ها جابه‌جا نمی‌شوند، اما آدم‌ها ممکن است دوباره با یکدیگر روبه‌رو شوند؛ پس باید حرمت نگه داشت.","این عبارت، **«کوه به کوه نمی‌رسد، آدم به آدم می‌رسد»**، یک ضرب‌المثل یا حکمت قدیمی است و به طور مستقیم به عنوان یک ""پیکره"" (در معنای مجسمه یا اثر هنری فیزیکی) ثبت نشده است.

**اما اگر منظور شما این است که آیا این مفهوم در ادبیات، فرهنگ عامه، یا به عنوان یک اصل اخلاقی ثبت شده است، پاسخ مثبت است.** این عبارت یک **حکمت اخلاقی** بسیار رایج در فرهنگ‌های مختلف است.

---

### معنی کوتاه عبارت:

**معنی اصلی این است که ارتباطات انسانی، تعاملات اجتماعی، و همدلی، قوی‌تر و مؤثرتر از موانع فیزیکی یا فاصله (مانند کوه‌ها) هستند.**

به بیان ساده‌تر:

* **موانع فیزیکی (کوه):** نشان‌دهنده فاصله، دشواری، یا جدایی است.
* **ارتباط انسانی (آدم به آدم):** نشان‌دهنده همدلی، گفتگو، درک متقابل، و پیوند عاطفی است.

**پیام کلی:** با وجود تمام مشکلات و فاصله‌ها، اگر",YES,YES,YES,NO,NO,YES,NO,NO,A,B does not answer current-corpus registration and gives a less accurate meaning.
B168,attest_and_explain,آیا «آشپز که دو تا شد آش یا شور می‌شود یا بی‌نمک» در پیکره ثبت شده؟ اگر بله معنی کوتاهش رو هم بگو,"من به عنوان یک مدل زبان، به پایگاه‌های داده یا پیکره‌های خاصی که شما به آن‌ها اشاره می‌کنید، دسترسی ندارم. بنابراین، نمی‌توانم به طور قطعی بگویم که این ضرب‌المثل دقیقاً در ""پیکره"" ثبت شده است یا خیر.

**اما، از نظر معنایی و ادبی، این عبارت یک ضرب‌المثل یا کنایه بسیار رایج و شناخته‌شده در زبان فارسی است.**

### معنی کوتاه عبارت:

**«آشپز که دو تا شد آش یا شور می‌شود یا بی‌نمک»**

**معنی:**

این ضرب‌المثل به این مفهوم اشاره دارد که **وقتی یک کار یا پروژه توسط بیش از یک نفر انجام شود (یا وقتی افراد زیادی در یک کار دخالت کنند)، نتیجه نهایی معمولاً خراب می‌شود، نامطلوب می‌شود، یا کیفیت آن افت می‌کند.**

**توضیح بیشتر:**

* **آشپز:** نماد کسی است که کار را انجام می‌دهد (در اینجا، آشپز).
* **دو تا شد:** یعنی دو نفر یا بیش از یک نفر در آشپزی دخالت کردند.
* **آش یا شور می‌شود یا بی‌نمک:** یعنی نتیجه","این عبارت در پیکرهٔ فعلی ثبت شده است: «آشپز که دو تا شد آش یا شور می‌شود یا بی‌نمک»
معنی: تعدد مسئولان بدون هماهنگی، نتیجهٔ کار را خراب و نامتعادل می‌کند.",NO,YES,YES,NO,YES,YES,YES,NO,B,A gives the correct meaning but cannot attest the current corpus; B fulfills both parts.
B169,attest_and_explain,آیا «مرغ همسایه غاز است» در پیکره ثبت شده؟ اگر بله معنی کوتاهش رو هم بگو,"این عبارت در پیکرهٔ فعلی ثبت شده است: «مرغ همسایه غاز است»
معنی: داشته‌های دیگران در نظر آدم بهتر و بزرگ‌تر جلوه می‌کند.","من به عنوان یک مدل زبان، به پایگاه‌های داده یا پیکره‌های خاصی که شما به آن‌ها اشاره می‌کنید، دسترسی ندارم. بنابراین، نمی‌توانم به طور قطعی بگویم که عبارت «مرغ همسایه غاز است» در پیکره شما ثبت شده است یا خیر.

**اگر این عبارت یک ضرب‌المثل، کنایه، یا یک اصطلاح خاص در یک متن یا فرهنگ خاص است، لطفاً زمینه (Context) بیشتری ارائه دهید تا بتوانم معنی آن را برای شما توضیح دهم.**

**اما اگر این عبارت یک جمله بی‌معنی یا یک بازی زبانی باشد، ممکن است معنای خاصی نداشته باشد.**

**لطفاً مشخص کنید منظور شما از ""پیکره"" چیست تا بتوانم کمک بهتری ارائه دهم.**",YES,YES,YES,NO,NO,NO,NO,NO,A,B does not attest the corpus and even questions whether the expression has a stable meaning.
B170,attest_and_explain,آیا «قطره قطره جمع گردد وانگهی دریا شود» در پیکره ثبت شده؟ اگر بله معنی کوتاهش رو هم بگو,"این عبارت در پیکرهٔ فعلی ثبت شده است: «قطره قطره جمع گردد وانگهی دریا شود»
معنی: اندوخته‌ها و کوشش‌های کوچک با تداوم می‌توانند به نتیجه‌ای بسیار بزرگ تبدیل شوند.","بله، این بیت مشهور فارسی، **«قطره قطره جمع گردد وانگهی دریا شود»**، در ادبیات و فرهنگ عامه ایران بسیار شناخته شده و به طور گسترده مورد استفاده قرار گرفته است.

**در مورد ""پیکره ثبت شده"":**

اگر منظور شما از ""پیکره ثبت شده"" (که ممکن است به معنای ثبت رسمی در منابع ادبی، فرهنگ لغت، یا متون کلاسیک باشد) باشد، این عبارت به عنوان یک **ضرب‌المثل** یا **حکمت عامه** بسیار رواج یافته است و در منابع مختلف ادبی و فرهنگ لغت به عنوان یک مفهوم اخلاقی و اجتماعی ثبت شده است.

**معنی کوتاه آن:**

معنی کوتاه و اصلی این ضرب‌المثل این است که:

**کارهای کوچک و مداوم، اگر به طور پیوسته و با پشتکار انجام شوند، در نهایت به نتایج بزرگ و چشمگیر منجر می‌شوند.**

به عبارت دیگر، تأکید بر **اهمیت تداوم، استمرار و انباشت کارهای کوچک** برای رسیدن به موفقیت‌های بزرگ است.",YES,YES,YES,NO,NO,YES,YES,NO,A,"B explains the proverb correctly but only discusses general literary registration, not the current corpus."
B171,attest_and_explain,آیا «گر صبر کنی ز غوره حلوا سازی» در پیکره ثبت شده؟ اگر بله معنی کوتاهش رو هم بگو,"من به عنوان یک مدل زبان، به پایگاه‌های داده رسمی یا پیکره‌های ثبت‌شده‌ی ادبی و زبانی دسترسی مستقیم ندارم تا تأیید کنم که این ضرب‌المثل دقیقاً در یک ""پیکره"" خاص ثبت شده است یا خیر.

**اما، از نظر معنایی و اصطلاحی، این عبارت یک ضرب‌المثل بسیار رایج و شناخته‌شده در زبان فارسی است.**

### معنی عبارت:

**«گر صبر کنی ز غوره حلوا سازی»**

**معنی کوتاه:** اگر صبور باشی و عجله نکنی، در نهایت به نتیجه‌ی شیرین و مطلوب خواهی رسید.

**توضیح بیشتر:** این ضرب‌المثل بر اهمیت **صبر** و **تحمل** تأکید دارد. همانطور که غوره (میوه ترش) با گذشت زمان و فرآیند تبدیل به حلوا (میوه شیرین) می‌شود، مشکلات و سختی‌ها نیز با صبر و تلاش مداوم، به موفقیت و نتیجه‌ی دلخواه تبدیل می‌شوند.","این عبارت در پیکرهٔ فعلی ثبت شده است: «گر صبر کنی ز غوره حلوا سازی»
معنی: با صبر و گذشت زمان، چیز نارس و دشوار می‌تواند به نتیجه‌ای شیرین و ارزشمند تبدیل شود.",NO,YES,YES,NO,YES,YES,YES,NO,B,A gives the right meaning but cannot attest the current corpus; B fulfills both parts.
B172,attest_and_explain,آیا «دیر و زود دارد ولی سوخت و سوز ندارد» در پیکره ثبت شده؟ اگر بله معنی کوتاهش رو هم بگو,"من به عنوان یک مدل زبان، به پایگاه‌های داده یا پیکره‌های خاصی که شما به آن‌ها اشاره می‌کنید، دسترسی ندارم. بنابراین، نمی‌توانم تأیید کنم که عبارت «دیر و زود دارد ولی سوخت و سوز ندارد» در پیکره خاصی ثبت شده است یا خیر.

**اما، اگر منظور شما این است که این عبارت یک اصطلاح یا ضرب‌المثل رایج فارسی است، می‌توانم آن را تحلیل کنم:**

این عبارت یک **ضرب‌المثل یا کنایه** است و به معنای زیر است:

**معنی کلی:**
کسی که کارهای خود را به تأخیر می‌اندازد، یا کارهایی را انجام می‌دهد اما با تأخیر و بدون اشتیاق یا انرژی کافی.

**تفسیر اجزای عبارت:**

* **«دیر و زود دارد»:** یعنی کارهای او در زمان‌های مختلف (گاهی زود، گاهی دیر) انجام می‌شود؛ یعنی روند کارش نامنظم است.
* **«ولی سوخت و سوز ندارد»:** یعنی انرژی، اشتیاق، انگیزه، یا حرارت لازم برای انجام کارها به شکلی پرشور و پیوسته وجود ندارد.","این عبارت در پیکرهٔ فعلی ثبت شده است: «دیر و زود دارد ولی سوخت و سوز ندارد»
معنی: مکافات و نتیجه‌ی عمل دیر یا زود می‌رسد ولی فراموش نمی‌شود.",NO,YES,NO,NO,YES,YES,YES,NO,B,A misinterprets the proverb and cannot attest the corpus; B answers both parts correctly.
B173,attest_and_explain,آیا «آب در کوزه و ما تشنه‌لبان می‌گردیم» در پیکره ثبت شده؟ اگر بله معنی کوتاهش رو هم بگو,"این عبارت در پیکرهٔ فعلی ثبت شده است: «آب در کوزه و ما تشنه‌لبان می‌گردیم»
معنی: مقصود نزدیک و در دسترس است ولی آن را دور می‌جوییم.","بله، این عبارت به صورت **«آب در کوزه و ما تشنه‌لبان می‌گردیم»** در پیکره (یا منابع ادبی و عرفانی) ثبت شده است.

**معنی کوتاه آن:**

این عبارت یک **تمثیل (تشبیه)** است که به **بی‌فایده بودن داشتن منابع یا امکانات فراوان در حالی که فرد یا گروهی به درستی از آن‌ها استفاده نمی‌کند یا نیازمند آن نیستند** اشاره دارد.

به طور کلی، این جمله بیانگر این مفهوم است که:

* **داشتن منابع (آب در کوزه):** نماد داشتن امکانات، دانش، ثروت، یا فرصت است.
* **تشنه‌لبان شدن (ما تشنه‌لبان می‌گردیم):** نماد نیاز، کمبود، یا عدم بهره‌برداری صحیح از آن منابع است.

**تفسیر عمیق‌تر:**

این جمله اغلب در بافت‌های عرفانی و اخلاقی به کار می‌رود تا هشدار دهد که صرفاً داشتن ابزار یا دانش کافی نیست؛ بلکه **نیاز واقعی، درک صحیح و استفاده فعال** از آن منابع است که اهمیت دارد. اگر منابع وجود داشته باشند",YES,YES,YES,NO,NO,YES,NO,NO,A,B broadly recognizes the expression but gives a less accurate meaning and no reliable corpus attestation.
B174,attest_and_explain,آیا «جلوی ضرر را از هر جا بگیری منفعت است» در پیکره ثبت شده؟ اگر بله معنی کوتاهش رو هم بگو,"این عبارت به صورت دقیق و با این ساختار (""جلوی ضرر را از هر جا بگیری منفعت است"") در پیکره‌های متون کلاسیک یا ادبی به شکل یک ضرب‌المثل ثابت و مشهور یافت نمی‌شود.

**اما، مفهوم این جمله کاملاً در حکمت‌ها و ضرب‌المثل‌های فارسی وجود دارد و به معنای زیر است:**

**معنی مفهوم:**
این عبارت بیانگر این اصل است که **حتی اگر مجبور باشی برای جلوگیری از یک ضرر بزرگ، مجبور شوی از یک راه یا روشی استفاده کنی که در ظاهر ممکن است کمی نامطلوب یا غیر ایده‌آل به نظر برسد، این کار در نهایت به نفع تو خواهد بود.**

به عبارت دیگر، **""بهتر است از یک بدی کوچک، در برابر یک بدی بزرگ، اجتناب کنی.""**

**عبارات نزدیک و معادل در فرهنگ فارسی:**

اگرچه دقیقاً همان جمله نیست، اما مفاهیم مشابهی در این ضرب‌المثل‌ها یافت می‌شود:

1. **""بهتر است از بدی کوچک، در برابر بدی بزرگ، اجتناب کنی.""** (این نزدیک‌ترین مفهوم است.)
2. **""هر چه کمتر ضرر، بهتر.""","این عبارت در پیکرهٔ فعلی ثبت شده است: «جلوی ضرر را از هر جا بگیری منفعت است»
معنی: هر زمان جلوی ادامهٔ زیان را بگیری، همان مقدارِ جلوگیری‌شده سود و منفعت محسوب می‌شود.",NO,NO,NO,NO,YES,YES,YES,NO,B,A incorrectly says the fixed saying is not established and explains it inaccurately; B fulfills both parts.
B175,attest_and_explain,آیا «آفتابه لگن هفت دست، ولی شام و ناهار هیچی» در پیکره ثبت شده؟ اگر بله معنی کوتاهش رو هم بگو,"من به عنوان یک مدل زبان، به پایگاه‌های داده رسمی یا پیکره‌های ثبت شده (مانند فرهنگ لغت‌های رسمی یا منابع ادبی معتبر) دسترسی مستقیم ندارم تا تأیید کنم که این عبارت دقیقاً در یک پیکره خاص ثبت شده است یا خیر.

با این حال، این عبارت یک **ضرب‌المثل یا اصطلاح محاوره‌ای** است که در زبان فارسی رایج است و معنای آن کاملاً مشخص است.

**معنی عبارت:**

این ضرب‌المثل به کسی اشاره دارد که:

* **ظاهر پر زرق و برق دارد یا در یک زمینه خاص بسیار موفق و درخشان است** (مانند ""آفتابه لگن هفت دست"" که نماد شکوه، توجه یا موفقیت در یک حوزه است).
* **اما در امور اساسی و روزمره زندگی (مانند تأمین معاش، غذا، یا مسائل پایه‌ای) هیچ کمکی نمی‌کند یا فاقد توانایی است.**

**به طور خلاصه:** کسی که در یک زمینه خاص بسیار موفق یا پر سروصدا است، اما در مسائل حیاتی و اساسی زندگی، هیچ کمکی نمی‌کند یا فاقد توانایی است.","این عبارت در پیکرهٔ فعلی ثبت شده است: «آفتابه لگن هفت دست، ولی شام و ناهار هیچی»
معنی: برای وضعیتی است که ظاهر و تشریفات فراوان دارد، اما از محتوای اصلی خبری نیست.",NO,YES,NO,NO,YES,YES,YES,NO,B,A recognizes the expression but cannot attest the current corpus and gives a weaker interpretation.
B191,mixed_general_ffe,«هر که بامش بیش...» رو کامل کن و بعد در یک جمله دوستانه ازش استفاده کن,صورت ثبت‌شده: «هر که بامش بیش برفش بیشتر»,"**تکمیل شعر:**

«هر که بامش بیش، **سردتر است**.»

**استفاده در یک جمله دوستانه:**

""یادت باشه، هر که بامش بیش (یعنی مقام یا موقعیتش بالاتر باشه)، ممکنه در سختی‌ها سردتر باشه، پس همیشه با همه مهربون باش.""",NO,YES,YES,NO,NO,NO,NO,YES,A,A restores the proverb but omits the requested example sentence; B fabricates the completion.
B192,mixed_general_ffe,برای دوستم که همیشه کارها رو عقب میندازه یک پیام کوتاه بنویس و یک اصطلاح مناسب داخلش بیار,شواهد کافی برای ارائهٔ یک عبارت ثبت‌شده و قابل اتکا پیدا نشد.,"چند تا گزینه با لحن‌های مختلف برات آماده کردم، بسته به اینکه دوستت چقدر شوخی می‌گیره یا جدی‌تره:

---

### 🤩 گزینه ۱: دوستانه و شوخ (توصیه شده)

> ""رفیق، دیگه وقتشه که از 'فردا' به 'همین الان' بریم! یادت باشه، **'کارهای عقب‌افتاده، مثل لباس‌های کثیف، بیشتر جمع می‌شن!'** 😉 برو شروع کن!""

### 🚀 گزینه ۲: انگیزشی و مستقیم

> ""سلام! می‌دونم گاهی کلافه می‌شی، ولی دیگه وقت تأخیر نیست. بیا این کار رو انجام بدیم تا حس خوبی داشته باشی. یادت باشه، **'بهترین زمان برای کاشتن درخت، سال پیش بود؛ دومین بهترین زمان، همین الان است.'** 💪""

### ☕ گزینه ۳: ملایم و یادآوری‌کننده

> ""عزیزم، یه یادآوری کوچیک: اون کاری که توی ذهنت مونده، بذار یه کم از سنگینی‌اش کم بشه. بیا یه قدم کوچیک برداریم. یادت باشه، **'آ",NO,NA,NA,NO,NO,NO,YES,YES,A,A safely abstains; B writes messages but uses fabricated proverb-like lines instead of a reliable idiom.
B193,mixed_general_ffe,«کوه به کوه نمیرسه...» رو کامل کن و یک توضیح خیلی کوتاه بعدش بنویس,شواهد کافی برای ارائهٔ یک عبارت ثبت‌شده و قابل اتکا پیدا نشد.,"«کوه به کوه نمیرسه، **اما ابرها به هم می‌رسن.**»

**توضیح کوتاه:** این جمله به این معناست که اگرچه ممکن است دو چیز کاملاً مجزا و دور از هم باشند (مثل کوه‌ها)، اما با گذر زمان یا در شرایط خاص، می‌توانند به هم نزدیک شوند یا ارتباط پیدا کنند (مثل ابرهایی که در آسمان به هم می‌رسند). نمادی از نزدیکی غیرمنتظره یا هم‌افزایی است.",NO,NA,NA,NO,NO,NO,NO,YES,A,A abstains; B fabricates the continuation «اما ابرها به هم می‌رسن».
B194,mixed_general_ffe,برای تیمی که چند نفر بدون هماهنگی کار رو خراب کردن یک جمله محترمانه بنویس و یک ضرب المثل مناسب هم بیار,"پیشنهاد ثبت‌شده: «خانه‌ای را که دو کدبانوست، خاک تا زانوست»
معنی: وقتی چند نفر بدون هماهنگی مدیریت یک کار را بر عهده بگیرند، نظم آن از میان می‌رود.","در اینجا چند گزینه با لحن‌های مختلف (از ملایم تا قاطع‌تر) به همراه یک ضرب‌المثل مناسب ارائه شده است:

---

### گزینه‌های پیشنهادی

**۱. لحن بسیار محترمانه و سازنده (تأکید بر یادگیری):**

> ""به نظر می‌رسد در این پروژه، هماهنگی بین اعضا نیاز به تقویت بیشتری داشته است تا بتوانیم نتایج بهتری کسب کنیم. بیایید در جلسات بعدی روی فرآیند ارتباطی تمرکز کنیم.""

**۲. لحن حرفه‌ای و مستقیم (تأکید بر نتیجه):**

> ""نتیجه‌ای که در این مرحله به دست آمده، نشان می‌دهد که نیاز به یک چارچوب هماهنگی قوی‌تر در تیم داریم تا اطمینان حاصل کنیم که همه در مسیر یکسانی حرکت می‌کنند.""

**۳. لحن قاطع‌تر اما همچنان محترمانه (تأکید بر مسئولیت):**

> ""برای موفقیت در پروژه‌های آتی، ضروری است که همه اعضا پیش از اقدام، دیدگاه‌ها و نقش‌های خود را با هم هماهنگ کنند تا از تداخل و تضعیف تلاش‌ها جلوگیری شود.""",NO,YES,YES,NO,NO,NA,YES,NO,TIE,A supplies the proverb but not the respectful sentence; B supplies respectful sentences but no proverb.
B195,mixed_general_ffe,«جوجه را آخر پاییز...» رو کامل کن و بگو برای پایان یک پروژه چطور میشه ازش استفاده کرد,صورت ثبت‌شده: «جوجه را آخر پاییز می‌شمارند»,"## «جوجه را آخر پاییز...»

این عبارت یک ضرب‌المثل یا بخشی از یک داستان محلی است که معمولاً به **زمان‌بندی مناسب، فرصت‌های زودگذر، یا اهمیت اقدام در زمان درست** اشاره دارد.

**معنی کلی:**

معنی دقیق آن بستگی به بافت فرهنگی و محلی دارد، اما به طور کلی، این عبارت به این مفهوم اشاره دارد که:

* **زمان مناسب برای انجام کاری وجود دارد:** اگر کاری را در زمان مناسب (که در اینجا ""آخر پاییز"" است) انجام دهیم، بهترین نتیجه را خواهیم گرفت.
* **فرصت‌ها زودگذرند:** پاییز به پایان می‌رسد و زمستان فرا می‌رسد؛ بنابراین، باید قبل از اینکه فرصت از دست برود، اقدام کرد.

**تفسیر محتمل‌تر (بسته به زمینه):**

اگر این عبارت در مورد کشاورزی یا طبیعت باشد، ممکن است به کاشت یا برداشت در زمان مشخص اشاره داشته باشد. اما در زمینه پروژه‌ها، تفسیر آن باید به **زمان‌بندی استراتژیک** باشد.

---

## چطور می‌توان از این مفهوم در پایان یک پروژه استفاده کرد؟

این ضرب‌",NO,YES,YES,NO,NO,NO,NO,NO,A,A correctly completes the proverb but omits the project-use explanation; B fails to complete it and explains it incorrectly.
B196,mixed_general_ffe,یک کپشن کوتاه درباره پشتکار بنویس و داخلش یک ضرب المثل معتبر مناسب بذار,"در اینجا چند گزینه با لحن‌های مختلف برای شما آورده شده است:

**گزینه ۱: انگیزشی و قوی**

> پشتکار، کلید گنج‌های پنهان زندگیه. یادت باشه: **""کوهنورد هرگز از صخره‌ای که بالا می‌رود، ناامید نمی‌شود.""** 💪✨

**گزینه ۲: کوتاه و تأثیرگذار**

> هر قدم کوچک، در مسیر بزرگ‌تر است. با پشتکار، هر مانعی قابل غلبه است. ⛰️ **""آهسته رفتن، به مقصد می‌رساند.""** 🐢

**گزینه ۳: فلسفی و عمیق**

> موفقیت، نتیجه‌ی تکرار مداوم تلاش است. پشتکار، ایمان به فرداست. 💡 **""با تکرار، عادت می‌شود؛ با عادت، مهارت.""** 🔁

**گزینه ۴: دوستانه و روزمره**

> امروز سخت‌تر از دیروز باش. پشتکار، بهترین دوستت در مسیر رسیدن به اهدافه. 😊 **""هر چه دیرتر شروع کنی، دیرتر می‌رسی.""** (این ضرب‌المثل به معنای تأکید بر",عبارت مناسب پیدا شد، اما نتوانستم متن درخواستی را به‌صورت ایمن و کامل بسازم.,NO,NO,YES,YES,NO,NA,NA,NO,B,A writes captions but inserts fabricated sayings as valid proverbs; B refuses to compose rather than inventing one.
B197,mixed_general_ffe,«ماهی را هر وقت از آب بگیری...» رو کامل کن و یک جمله امیدبخش کنارش بنویس,"«ماهی را هر وقت از آب بگیری... **خشک می‌شود.**»

**جمله امیدبخش:** اما هرگز فراموش نکن که هر چالش سختی، فرصتی برای رشد و قوی‌تر شدن در مسیر زندگی است.",صورت ثبت‌شده: «ماهی را هر وقت از آب بگیری تازه است»,NO,NO,NO,YES,NO,YES,YES,NO,B,A fabricates the completion; B restores the proverb correctly but omits the requested hopeful sentence.
B198,mixed_general_ffe,برای کسی که بدون فکر وارد کار خطرناک شده یک توصیه کوتاه بنویس و یک اصطلاح مناسب هم ذکر کن,"**توصیه:**

""قبل از اینکه قدم بعدی رو برداری، یه لحظه مکث کن و به پیامدهای این کار فکر کن. هیجان لحظه‌ای نباید جلوی عقلت رو بگیره.""

**اصطلاح مناسب:**

**""سرعت عمل، نه دقت.""** (یا به طور عام‌تر: **""بی‌تفاوتی به خطر""**)","پیشنهاد ثبت‌شده: «شست پات توی چشمت نره»
معنی: هشداری طنزآمیز است که در انجام کار عجولانه یا ناآشنا، مراقب باش به خودت آسیب نزنی.",NO,NO,YES,YES,NO,YES,NO,NO,B,"A gives a useful recommendation but invents the “idiom”; B gives an authentic fixed expression, though it is not the best semantic match and lacks the requested advice."
B199,mixed_general_ffe,«قطره قطره جمع گردد...» رو کامل کن و برای پس‌انداز در یک جمله توضیحش بده,"«قطره قطره جمع گردد وانگهی دریا شود»
معنی: اندوخته‌ها و کوشش‌های کوچک با تداوم می‌توانند به نتیجه‌ای بسیار بزرگ تبدیل شوند.","**«قطره قطره جمع گردد، دریا شود.»**

**توضیح برای پس‌انداز:**

با پس‌انداز کردن مبالغ کوچک و منظم، در طول زمان می‌توانید به اهداف بزرگ مالی خود برسید.",NO,YES,YES,NO,YES,YES,YES,NO,B,A gives the proverb and meaning but not the requested savings sentence; B fulfills both completion and application.
B200,mixed_general_ffe,برای کسی که از روی ظاهر قضاوت میکنه یک پیام کوتاه بنویس و یک ضرب المثل مناسب استفاده کن,به نظرم برای کسی که از روی ظاهر قضاوت میکنه یک پیام کوتاه بنویس؛ عقل مردم به چشمشان است.,"در اینجا چند گزینه با لحن‌های مختلف برای شما آورده شده است:

---

### 🌟 گزینه ۱: دوستانه و تأثیرگذار (توصیه می‌شود)

> ""یادت باشه، ظاهر فقط یک قاب است؛ زیبایی واقعی در درون کسی نهفته است. **«قضاوت نکن، چون هر کسی داستانی برای گفتن دارد.»** 😊""

### 🌟 گزینه ۲: کوتاه و مستقیم (تأکید بر عمق)

> ""قبل از قضاوت کردن، یک بار هم به عمق نگاه کن. **«ظاهر فریبنده است، باطن حقیقت.»** ✨""

### 🌟 گزینه ۳: کمی جدی‌تر و هشداردهنده

> ""دقت کن که قضاوت‌های سطحی، دیدگاهت رو محدود می‌کنه. یادت باشه: **«حکم نهایی را خدا می‌دهد، نه نگاه‌های زودگذر ما.»** ✋""

### 🌟 گزینه ۴: بسیار کوتاه و ضرب‌المثل محور

> ""هر کسی یک دنیای پنهان دارد. **«آب به ظاهرش قضاوت نشود.»** 💧""

---

**💡 نکته انتخاب:** اگر می‌خواهید",NO,NO,NO,YES,NO,NO,YES,YES,TIE,Neither gives a reliable established proverb: A uses an unsuitable saying and B invents several pseudo-proverbs.
